tag_no,tag_colour,sea_id,rock_no,date_sampled,blade_length,notes,blade_side,blade_zone,blade_no,sp,colony_length_max,colony_area,no_h,no_m,no_long_m
1,white,AW1,,04/06/2025,,,x,base,,ep,0.2,0.020943951,,,
1,white,AW1,,04/06/2025,,,x,middle,,mm,0.1,0.007853982,,,
1,white,AW1,,04/06/2025,,,x,tip,,mm,0.4,0.125663706,,,
1,white,AW1,,04/06/2025,,,y,base,,ep,0.2,0.020943951,,,
1,white,AW1,,04/06/2025,,,y,middle,,ep,0.3,0.04712389,,,
1,white,AW1,,04/06/2025,,,y,middle,,mm,0.2,0.031415927,,2,
1,white,AW1,,04/06/2025,,,y,tip,,mm,0.3,0.070685835,,,
1,white,AW1,,04/06/2025,,,y,tip,,mm,0.3,0.070685835,,,
1,red,AR1,,04/06/2025,,,x,base,,ep,0.7,0.2565634,,,
1,red,AR1,,04/06/2025,,,x,base,,mm,0.2,0.031415927,1,1,
1,red,AR1,,04/06/2025,,,x,base,,mm,0.1,0.007853982,,,
1,red,AR1,,04/06/2025,,,x,base,,mm,0.3,0.070685835,,,
1,red,AR1,,04/06/2025,,,x,middle,,ep,0.7,0.2565634,,,
1,red,AR1,,04/06/2025,,,x,middle,,mm,0.3,0.070685835,,,
1,red,AR1,,04/06/2025,,,x,middle,,mm,0.4,0.125663706,,,
1,red,AR1,,04/06/2025,,,x,middle,,mm,0.3,0.070685835,,,
1,red,AR1,,04/06/2025,,,x,middle,,mm,0.4,0.125663706,,,
1,red,AR1,,04/06/2025,,,x,middle,,mm,0.3,0.070685835,,,
1,red,AR1,,04/06/2025,,,x,middle,,mm,0.4,0.125663706,,,
1,red,AR1,,04/06/2025,,,x,tip,,,,,,,
1,red,AR1,,04/06/2025,,,y,base,,ep,0.5,0.130899694,,,
1,red,AR1,,04/06/2025,,,y,base,,mm,0.3,0.070685835,,2,
1,red,AR1,,04/06/2025,,,y,base,,mm,0.1,0.007853982,,,
1,red,AR1,,04/06/2025,,,y,base,,mm,0.1,0.007853982,,,
1,red,AR1,,04/06/2025,,,y,middle,,ep,0.2,0.020943951,4,1,
1,red,AR1,,04/06/2025,,,y,middle,,ep,1,0.523598776,,,
1,red,AR1,,04/06/2025,,,y,middle,,mm,1.3,1.327322896,,,
1,red,AR1,,04/06/2025,,,y,middle,,mm,0.4,0.125663706,,,
1,red,AR1,,04/06/2025,,,y,middle,,mm,0.2,0.031415927,,,
1,red,AR1,,04/06/2025,,,y,tip,,,,,,,
2,white,AW2,,04/06/2025,,,x,base,,,,,,,
2,white,AW2,,04/06/2025,,,x,middle,,ep,0.4,0.083775804,,,
2,white,AW2,,04/06/2025,,,x,tip,,,,,,1,
2,white,AW2,,04/06/2025,,,y,base,,,,,,,
2,white,AW2,,04/06/2025,,,y,middle,,,,,,,
2,white,AW2,,04/06/2025,,,y,tip,,ep,0.5,0.130899694,,,
2,white,AW2,,04/06/2025,,,y,tip,,mm,0.2,0.031415927,,,
2,white,AW2,,04/06/2025,,,y,tip,,mm,0.3,0.070685835,,,
2,white,AW2,,04/06/2025,,,y,tip,,mm,0.2,0.031415927,,,
2,red,AR2,,04/06/2025,,,x,base,,,,,3,,
2,red,AR2,,04/06/2025,,,x,middle,,ep,1,0.523598776,,,
2,red,AR2,,04/06/2025,,,x,middle,,mm,0.2,0.031415927,,,
2,red,AR2,,04/06/2025,,,x,middle,,mm,0.2,0.031415927,,,
2,red,AR2,,04/06/2025,,,x,middle,,mm,0.1,0.007853982,,,
2,red,AR2,,04/06/2025,,,x,middle,,mm,1,0.785398163,,,
2,red,AR2,,04/06/2025,,,x,middle,,mm,1,0.785398163,,,
2,red,AR2,,04/06/2025,,,x,tip,,,,,,,
2,red,AR2,,04/06/2025,,,y,base,,mm,1.5,1.767145868,,,
2,red,AR2,,04/06/2025,,,y,middle,,mm,0.5,0.196349541,,1,
2,red,AR2,,04/06/2025,,,y,middle,,mm,0.5,0.196349541,,,
2,red,AR2,,04/06/2025,,,y,middle,,ep,1,0.523598776,,,
2,red,AR2,,04/06/2025,,,y,tip,,ep,1.5,1.178097245,,,
3,red,AR3,,04/06/2025,,tag detached_90,x,base,,mm,0.1,0.007853982,,,
3,red,AR3,,04/06/2025,,tag detached_90,x,middle,,mm,0.3,0.070685835,,,
3,red,AR3,,04/06/2025,,tag detached_90,x,middle,,mm,0.3,0.070685835,,,
3,red,AR3,,04/06/2025,,tag detached_90,x,tip,,mm,0.1,0.007853982,,,
3,red,AR3,,04/06/2025,,tag detached_90,x,tip,,mm,0.1,0.007853982,,,
3,red,AR3,,04/06/2025,,tag detached_90,y,base,,mm,0.8,0.502654825,,1,
3,red,AR3,,04/06/2025,,tag detached_90,y,base,,mm,0.1,0.007853982,,,
3,red,AR3,,04/06/2025,,tag detached_90,y,base,,mm,0.1,0.007853982,,,
3,red,AR3,,04/06/2025,,tag detached_90,y,middle,,mm,0.2,0.031415927,,5,
3,red,AR3,,04/06/2025,,tag detached_90,y,middle,,ep,1.1,0.633554518,,,
3,red,AR3,,04/06/2025,,tag detached_90,y,tip,,,,,,,
4,white,AW4,,04/06/2025,,,x,base,,,,,,1,
4,white,AW4,,04/06/2025,,,x,middle,,ep,1.2,0.753982237,,1,
4,white,AW4,,04/06/2025,,,x,middle,,mm,1.3,1.327322896,,,
4,white,AW4,,04/06/2025,,,x,middle,,mm,0.2,0.031415927,,,
4,white,AW4,,04/06/2025,,,x,middle,,mm,0.1,0.007853982,,,
4,white,AW4,,04/06/2025,,,x,tip,,mm,0.2,0.031415927,,,
4,white,AW4,,04/06/2025,,,y,base,,,,,,,
4,white,AW4,,04/06/2025,,,y,middle,,mm,0.4,0.125663706,,,
4,white,AW4,,04/06/2025,,,y,tip,,,,,,,
4,white,AW4,,04/06/2025,,,x,base,,,,,,,
4,white,AW4,,04/06/2025,,,x,middle,,mm,0.5,0.196349541,,,
4,white,AW4,,04/06/2025,,,x,middle,,mm,0.1,0.007853982,,,
4,white,AW4,,04/06/2025,,,x,tip,,mm,0.3,0.070685835,,,
4,white,AW4,,04/06/2025,,,x,tip,,mm,0.1,0.007853982,,,
4,white,AW4,,04/06/2025,,,y,base,,,,,,,
4,white,AW4,,04/06/2025,,,y,middle,,,,,,,
4,white,AW4,,04/06/2025,,,y,tip,,ep,0.3,0.04712389,,,
4,red,AR4,,04/06/2025,,,x,base,,,,,,,
4,red,AR4,,04/06/2025,,,x,middle,,mm,2,3.141592654,,,
4,red,AR4,,04/06/2025,,,x,tip,,mm,1.5,1.767145868,,,
4,red,AR4,,04/06/2025,,,y,base,,mm,1,0.785398163,,,
4,red,AR4,,04/06/2025,,,y,middle,,mm,,,,1,
4,red,AR4,,04/06/2025,,,y,tip,,,,,,,
5,white,AW5,,04/06/2025,,tag detached_140,x,base,,,,,,,
5,white,AW5,,04/06/2025,,tag detached_140,x,middle,,mm,0.4,0.125663706,,,
5,white,AW5,,04/06/2025,,tag detached_140,x,middle,,mm,0.2,0.031415927,,,
5,white,AW5,,04/06/2025,,tag detached_140,x,tip,,mm,0.4,0.125663706,,,
5,white,AW5,,04/06/2025,,tag detached_140,x,tip,,mm,0.2,0.031415927,,,
5,white,AW5,,04/06/2025,,tag detached_140,y,base,,,,,,,
5,white,AW5,,04/06/2025,,tag detached_140,y,middle,,mm,1.2,1.130973355,1,,
5,white,AW5,,04/06/2025,,tag detached_140,y,middle,,mm,0.3,0.070685835,,,
5,white,AW5,,04/06/2025,,tag detached_140,y,tip,,mm,1,0.785398163,,,
5,red,AR5,,04/06/2025,,,x,base,,,,,,1,
5,red,AR5,,04/06/2025,,,x,middle,,,,,,,
5,red,AR5,,04/06/2025,,,x,tip,,,,,,,
5,red,AR5,,04/06/2025,,,y,base,,,,,,,
5,red,AR5,,04/06/2025,,,y,middle,,ep,3,4.71238898,,,
5,red,AR5,,04/06/2025,,,y,tip,,,,,,1,
6,red,AR6,,04/06/2025,,,x,base,,,,,,,
6,red,AR6,,04/06/2025,,,x,middle,,mm,0.2,0.031415927,3,1,
6,red,AR6,,04/06/2025,,,x,middle,,ep,1.3,0.884881931,,,
6,red,AR6,,04/06/2025,,,x,tip,,,,,,,
6,red,AR6,,04/06/2025,,,y,base,,mm,1.8,2.544690049,,1,
6,red,AR6,,04/06/2025,,,y,middle,,mm,1.2,1.130973355,4,1,
6,red,AR6,,04/06/2025,,,y,middle,,mm,1.2,1.130973355,,,
6,red,AR6,,04/06/2025,,,y,middle,,mm,1.2,1.130973355,,,
6,red,AR6,,04/06/2025,,,y,tip,,,,,,,
6,white,AW6,,04/06/2025,,,x,base,,,,,,,
6,white,AW6,,04/06/2025,,,x,middle,,,,,,,
6,white,AW6,,04/06/2025,,,x,tip,,,,,,,
6,white,AW6,,04/06/2025,,,y,base,,,,,,,
6,white,AW6,,04/06/2025,,,y,middle,,,,,,1,
6,white,AW6,,04/06/2025,,,y,tip,,mm,0.2,0.031415927,3,1,
7,red,AR7,,04/06/2025,,meristem only:clean,,,,,,,,,
7,white,AW7,,04/06/2025,,,x,base,,,,,,,
7,white,AW7,,04/06/2025,,,x,middle,,mm,1,0.785398163,,,
7,white,AW7,,04/06/2025,,,x,middle,,mm,0.2,0.031415927,,1,
7,white,AW7,,04/06/2025,,,x,tip,,mm,0.2,0.031415927,,,
7,white,AW7,,04/06/2025,,,x,tip,,mm,0.4,0.125663706,,,
7,white,AW7,,04/06/2025,,,x,tip,,mm,0.4,0.125663706,,,
7,white,AW7,,04/06/2025,,,x,tip,,mm,0.3,0.070685835,,,
7,white,AW7,,04/06/2025,,,x,tip,,mm,0.3,0.070685835,,,
7,white,AW7,,04/06/2025,,,y,base,,,,,,,
7,white,AW7,,04/06/2025,,,y,middle,,ep,0.5,0.130899694,,,
7,white,AW7,,04/06/2025,,,y,middle,,mm,1.5,1.767145868,,,
7,white,AW7,,04/06/2025,,,y,middle,,mm,0.2,0.031415927,,,
7,white,AW7,,04/06/2025,,,y,tip,,mm,0.3,0.070685835,,,
7,white,AW7,,04/06/2025,,,y,tip,,mm,0.3,0.070685835,,,
8,white,AW8,,04/06/2025,,,x,base,,mm,0.5,0.196349541,,,
8,white,AW8,,04/06/2025,,,x,base,,mm,0.5,0.196349541,,,
8,white,AW8,,04/06/2025,,,x,base,,mm,0.2,0.031415927,,,
8,white,AW8,,04/06/2025,,,x,middle,,mm,0.5,0.196349541,,,
8,white,AW8,,04/06/2025,,,x,middle,,mm,0.4,0.125663706,,,
8,white,AW8,,04/06/2025,,,x,tip,,mm,0.2,0.031415927,,3,
8,white,AW8,,04/06/2025,,,y,base,,mm,0.5,0.196349541,5,,
8,white,AW8,,04/06/2025,,,y,middle,,,,,4,,
8,white,AW8,,04/06/2025,,,y,tip,,mm,0.4,0.125663706,,1,
9,orange,AO9,,04/06/2025,,tag only,,,,,,,,,
9,green,AG9,,04/06/2025,,,y,tip,,ep,0.1,0.005235988,,,
9,white,AW9,,04/06/2025,,,x,base,,,,,,,
9,white,AW9,,04/06/2025,,,x,middle,,,,,2,1,
9,white,AW9,,04/06/2025,,,x,tip,,,,,,1,
9,white,AW9,,04/06/2025,,,y,base,,,,,,,
9,white,AW9,,04/06/2025,,,y,middle,,ep,0.4,0.083775804,,,
9,white,AW9,,04/06/2025,,,y,middle,,ep,0.3,0.04712389,,,
9,white,AW9,,04/06/2025,,,y,middle,,ep,0.2,0.020943951,,,
9,white,AW9,,04/06/2025,,,y,tip,,mm,0.4,0.125663706,,,
9,red,AR9,,04/06/2025,,,x,base,,,,,,,
9,red,AR9,,04/06/2025,,,x,middle,,ep,0.5,0.130899694,,,
9,red,AR9,,04/06/2025,,,x,middle,,mm,0.6,0.282743339,,,
9,red,AR9,,04/06/2025,,,x,middle,,ep,0.3,0.04712389,,,
9,red,AR9,,04/06/2025,,,x,tip,,ep,0.6,0.188495559,,,
9,red,AR9,,04/06/2025,,,x,tip,,mm,0.3,0.070685835,,,
9,red,AR9,,04/06/2025,,,y,base,,,,,,,
9,red,AR9,,04/06/2025,,,y,middle,,mm,0.8,0.502654825,1,,
9,red,AR9,,04/06/2025,,,y,tip,,,,,,,
10,white,AW10,,04/06/2025,,,x,base,,mm,1,0.785398163,,,
10,white,AW10,,04/06/2025,,,x,base,,mm,0.8,0.502654825,,,
10,white,AW10,,04/06/2025,,,x,middle,,mm,1.2,1.130973355,,,
10,white,AW10,,04/06/2025,,,x,middle,,mm,0.2,0.031415927,,,
10,white,AW10,,04/06/2025,,,x,tip,,mm,0.4,0.125663706,,,
10,white,AW10,,04/06/2025,,,x,tip,,mm,0.2,0.031415927,,,
10,white,AW10,,04/06/2025,,,x,tip,,mm,0.4,0.125663706,,,
10,white,AW10,,04/06/2025,,,x,tip,,mm,0.5,0.196349541,,,
10,white,AW10,,04/06/2025,,,y,base,,,,,,,
10,white,AW10,,04/06/2025,,,y,middle,,mm,0.2,0.031415927,,1,
10,white,AW10,,04/06/2025,,,y,tip,,mm,0.4,0.125663706,,2,
10,white,AW10,,04/06/2025,,,y,tip,,mm,0.2,0.031415927,,,
11,white,AW11,,04/06/2025,,,x,base,,mm,0.8,0.502654825,,,
11,white,AW11,,04/06/2025,,,x,middle,,mm,0.3,0.070685835,4,,
11,white,AW11,,04/06/2025,,,x,middle,,mm,0.3,0.070685835,,,
11,white,AW11,,04/06/2025,,,x,middle,,mm,0.3,0.070685835,,,
11,white,AW11,,04/06/2025,,,x,tip,,,,,,2,
11,white,AW11,,04/06/2025,,,y,base,,mm,2,3.141592654,,,
11,white,AW11,,04/06/2025,,,y,middle,,mm,0.2,0.031415927,,,
11,white,AW11,,04/06/2025,,,y,middle,,mm,0.1,0.007853982,,,
11,white,AW11,,04/06/2025,,,y,tip,,,na,,,,
12,white,AW12,,04/06/2025,,,x,base,,mm,1.5,1.767145868,,2,
12,white,AW12,,04/06/2025,,,x,middle,,mm,0.8,0.502654825,,,
12,white,AW12,,04/06/2025,,,x,tip,,mm,0.5,0.196349541,2,,
12,white,AW12,,04/06/2025,,,y,base,,,na,,,,
12,white,AW12,,04/06/2025,,,y,middle,,mm,0.2,0.031415927,,1,
12,white,AW12,,04/06/2025,,,y,middle,,mm,0.2,0.031415927,,,
12,white,AW12,,04/06/2025,,,y,tip,,ep,0.5,0.130899694,,,
12,white,AW12,,04/06/2025,,,y,tip,,mm,0.4,0.125663706,,,
12,white,AW12,,04/06/2025,,,y,tip,,mm,0.5,0.196349541,,,
13,white,AW13,,04/06/2025,,,x,base,,,,,,,
13,white,AW13,,04/06/2025,,,x,middle,,mm,0.5,0.196349541,,,
13,white,AW13,,04/06/2025,,,x,middle,,mm,0.8,0.502654825,,,
13,white,AW13,,04/06/2025,,,x,middle,,mm,0.5,0.196349541,,,
13,white,AW13,,04/06/2025,,,x,tip,,,,,,2,
13,white,AW13,,04/06/2025,,,y,base,,,,,,,
13,white,AW13,,04/06/2025,,,y,middle,,mm,1.2,1.130973355,,,
13,white,AW13,,04/06/2025,,,y,middle,,mm,1.3,1.327322896,,,
13,white,AW13,,04/06/2025,,,y,tip,,,,,,,
15,white,AW15,,04/06/2025,,,x,base,,,,,,,
15,white,AW15,,04/06/2025,,,x,middle,,mm,0.2,0.031415927,,,
15,white,AW15,,04/06/2025,,,x,middle,,mm,0.1,0.007853982,,,
15,white,AW15,,04/06/2025,,,x,tip,,mm,0.4,0.125663706,,,
15,white,AW15,,04/06/2025,,,x,tip,,mm,0.3,0.070685835,,,
15,white,AW15,,04/06/2025,,,y,base,,,,,,,
15,white,AW15,,04/06/2025,,,y,middle,,mm,0.4,0.125663706,,1,
15,white,AW15,,04/06/2025,,,y,middle,,mm,0.4,0.125663706,,,
15,white,AW15,,04/06/2025,,,y,middle,,ep,0.5,0.130899694,,,
15,white,AW15,,04/06/2025,,,y,tip,,mm,0.5,0.196349541,1,,
16,white,AW16,,04/06/2025,,,x,base,,,,,,,
16,white,AW16,,04/06/2025,,,x,middle,,ep,1,0.523598776,,,
16,white,AW16,,04/06/2025,,,x,middle,,ep,1,0.523598776,,,
16,white,AW16,,04/06/2025,,,x,middle,,mm,0.5,0.196349541,,,
16,white,AW16,,04/06/2025,,,x,tip,,ep,0.4,0.083775804,,1,
16,white,AW16,,04/06/2025,,,y,base,,mm,0.2,0.031415927,,1,
16,white,AW16,,04/06/2025,,,y,middle,,mm,0.4,0.125663706,,,
16,white,AW16,,04/06/2025,,,y,middle,,mm,0.3,0.070685835,,,
16,white,AW16,,04/06/2025,,,y,middle,,mm,0.1,0.007853982,,,
16,white,AW16,,04/06/2025,,,y,tip,,mm,0.2,0.031415927,,,
17,blue,AB17,,04/06/2025,,,x,base,,,,,,,
17,blue,AB17,,04/06/2025,,,x,middle,,ep,0.5,0.130899694,4,,
17,blue,AB17,,04/06/2025,,,x,middle,,mm,0.5,0.196349541,,,
17,blue,AB17,,04/06/2025,,,x,middle,,mm,0.3,0.070685835,,,
17,blue,AB17,,04/06/2025,,,x,middle,,mm,0.2,0.031415927,,,
17,blue,AB17,,04/06/2025,,,x,tip,,ep,0.5,0.130899694,3,2,
17,blue,AB17,,04/06/2025,,,y,base,,ep,0.4,0.083775804,,,
17,blue,AB17,,04/06/2025,,,y,middle,,mm,0.5,0.196349541,,,
17,blue,AB17,,04/06/2025,,,y,middle,,mm,0.3,0.070685835,,,
17,blue,AB17,,04/06/2025,,,y,middle,,mm,0.2,0.031415927,,,
17,blue,AB17,,04/06/2025,,,y,middle,,ep,1,0.523598776,,,
17,blue,AB17,,04/06/2025,,,y,tip,,ep,0.5,0.130899694,5,1,
18,blue,AB18,,04/06/2025,,,x,base,,,,,,,
18,blue,AB18,,04/06/2025,,,x,middle,,mm,1,0.785398163,,,
18,blue,AB18,,04/06/2025,,,x,middle,,mm,0.3,0.070685835,,,
18,blue,AB18,,04/06/2025,,,x,middle,,mm,0.3,0.070685835,,,
18,blue,AB18,,04/06/2025,,,x,tip,,,,,,,
18,blue,AB18,,04/06/2025,,,y,base,,,,,,,
18,blue,AB18,,04/06/2025,,,y,middle,,mm,0.4,0.125663706,,,
18,blue,AB18,,04/06/2025,,,y,tip,,mm,1,0.785398163,,,
18,blue,AB18,,04/06/2025,,,y,tip,,ep,0.5,0.130899694,,,
18,blue,AB18,,04/06/2025,,,y,tip,,ep,0.4,0.083775804,,,
19,blue,AB19,,04/06/2025,,,x,base,,,,,,,
19,blue,AB19,,04/06/2025,,,x,middle,,,,,2,1,
19,blue,AB19,,04/06/2025,,,x,tip,,mm,0.2,0.031415927,,,
19,blue,AB19,,04/06/2025,,,y,base,,,,,,,
19,blue,AB19,,04/06/2025,,,y,middle,,mm,0.2,0.031415927,,,
19,blue,AB19,,04/06/2025,,,y,middle,,mm,0.1,0.007853982,,,
19,blue,AB19,,04/06/2025,,,y,tip,,mm,0.8,0.502654825,,,
20,blue,AB20,,04/06/2025,,,x,base,,,,,,,
20,blue,AB20,,04/06/2025,,,x,middle,,mm,0.5,0.196349541,,,
20,blue,AB20,,04/06/2025,,,x,middle,,mm,0.3,0.070685835,,,
20,blue,AB20,,04/06/2025,,,x,tip,,,,,,,
20,blue,AB20,,04/06/2025,,,y,base,,mm,0.5,0.196349541,,,
20,blue,AB20,,04/06/2025,,,y,base,,mm,0.2,0.031415927,,,
20,blue,AB20,,04/06/2025,,,y,base,,mm,0.2,0.031415927,,,
20,blue,AB20,,04/06/2025,,,y,middle,,mm,0.8,0.502654825,,,
20,blue,AB20,,04/06/2025,,,y,tip,,,,,,,
21,blue,AB21,,04/06/2025,,,x,base,,ep,1,0.523598776,,,
21,blue,AB21,,04/06/2025,,,x,middle,,mm,0.5,0.196349541,,,
21,blue,AB21,,04/06/2025,,,x,tip,,ep,2,2.094395102,,,
21,blue,AB21,,04/06/2025,,,y,base,,,na,,,,
21,blue,AB21,,04/06/2025,,,y,middle,,,na,,,,
21,blue,AB21,,04/06/2025,,,y,tip,,,na,,,,
23,blue,AB23,,04/06/2025,,,x,base,,mm,0.5,0.196349541,,,
23,blue,AB23,,04/06/2025,,,x,middle,,mm,0.5,0.196349541,,,
23,blue,AB23,,04/06/2025,,,x,tip,,,na,,,,
23,blue,AB23,,04/06/2025,,,y,base,,,,,,1,
23,blue,AB23,,04/06/2025,,,y,middle,,,na,,,,
23,blue,AB23,,04/06/2025,,,y,tip,,mm,0.1,0.007853982,,,
23,blue,AB23,,04/06/2025,,,y,tip,,mm,0.4,0.125663706,,,
23,blue,AB23,,04/06/2025,,,y,middle,,ep,0.4,0.083775804,,,
23,blue,AB23,,04/06/2025,,,y,tip,,mm,0.6,0.282743339,10,,
23,blue,AB23,,04/06/2025,,,y,tip,,mm,0.4,0.125663706,,,
23,blue,AB23,,04/06/2025,,,y,tip,,mm,1,0.785398163,,,
23,blue,AB23,,04/06/2025,,,y,tip,,mm,0.3,0.070685835,,,
24,blue,AB24,,04/06/2025,,,x,base,,,,,,,
24,blue,AB24,,04/06/2025,,,x,middle,,,,,,,
24,blue,AB24,,04/06/2025,,,x,tip,,ep,0.5,0.130899694,,,
24,blue,AB24,,04/06/2025,,,y,base,,,,,,,
24,blue,AB24,,04/06/2025,,,y,middle,,mm,0.1,0.007853982,4,,
24,blue,AB24,,04/06/2025,,,y,tip,,ep,1,0.523598776,,,
24,blue,AB24,,04/06/2025,,,y,tip,,ep,0.8,0.335103216,,,
24,blue,AB24,,04/06/2025,,,y,tip,,ep,0.3,0.04712389,,,
24,blue,AB24,,04/06/2025,,,y,tip,,ep,0.3,0.04712389,,,
24,blue,AB24,,04/06/2025,,,y,tip,,ep,0.8,0.335103216,,,
24,blue,AB24,,04/06/2025,,,y,tip,,mm,0.2,0.031415927,,,
24,blue,AB24,,04/06/2025,,,y,tip,,mm,0.1,0.007853982,,,
25,blue,AB25,,04/06/2025,,,x,base,,,,,30%,,
25,blue,AB25,,04/06/2025,,,x,middle,,ep,0.5,0.130899694,,,
25,blue,AB25,,04/06/2025,,,x,tip,,ep,1,0.523598776,6,,
25,blue,AB25,,04/06/2025,,,y,base,,,na,,,,
25,blue,AB25,,04/06/2025,,,y,middle,,,,,6,1,
25,blue,AB25,,04/06/2025,,,y,tip,,,na,,6,,
26,blue,AB26,,04/06/2025,,,x,base,,,,,,,
26,blue,AB26,,04/06/2025,,,x,middle,,,,,,,
26,blue,AB26,,04/06/2025,,,x,tip,,mm,0.3,0.070685835,,,
26,blue,AB26,,04/06/2025,,,y,base,,,,,,,
26,blue,AB26,,04/06/2025,,,y,middle,,mm,1.2,1.130973355,,,
26,blue,AB26,,04/06/2025,,,y,middle,,mm,1.3,1.327322896,,,
26,blue,AB26,,04/06/2025,,,y,tip,,,,,,,
27,blue,AB27,,04/06/2025,,,x,base,,,,,,,
27,blue,AB27,,04/06/2025,,,x,middle,,,,,,,
27,blue,AB27,,04/06/2025,,,x,tip,,ep,0.5,0.130899694,,1,
27,blue,AB27,,04/06/2025,,,x,tip,,ep,0.5,0.130899694,,,
27,blue,AB27,,04/06/2025,,,y,base,,,,,,1,
27,blue,AB27,,04/06/2025,,,y,middle,,,,,,,
27,blue,AB27,,04/06/2025,,,y,tip,,,,,,,
28,blue,AB28,,04/06/2025,,,x,base,,,,,,,
28,blue,AB28,,04/06/2025,,,x,middle,,ep,0.5,0.130899694,4,,
28,blue,AB28,,04/06/2025,,,x,middle,,mm,0.5,0.196349541,,,
28,blue,AB28,,04/06/2025,,,x,middle,,mm,0.3,0.070685835,,,
28,blue,AB28,,04/06/2025,,,x,middle,,mm,0.2,0.031415927,,,
28,blue,AB28,,04/06/2025,,,y,base,,,,,,,
28,blue,AB28,,04/06/2025,,,y,middle,,ep,0.4,0.083775804,,,
28,blue,AB28,,04/06/2025,,,y,middle,,ep,0.4,0.083775804,,,
28,blue,AB28,,04/06/2025,,,y,middle,,mm,0.3,0.070685835,,,
28,blue,AB28,,04/06/2025,,,y,tip,,,,,,,
30,blue,AB30,,04/06/2025,,,x,base,,,,,,,
30,blue,AB30,,04/06/2025,,,x,middle,,mm,0.5,0.196349541,1,,
30,blue,AB30,,04/06/2025,,,x,middle,,mm,0.3,0.070685835,,,
30,blue,AB30,,04/06/2025,,,x,middle,,mm,0.3,0.070685835,,,
30,blue,AB30,,04/06/2025,,,x,middle,,ep,0.5,0.130899694,,,
30,blue,AB30,,04/06/2025,,,x,middle,,ep,0.3,0.04712389,,,
30,blue,AB30,,04/06/2025,,,x,middle,,mm,0.4,0.125663706,,,
30,blue,AB30,,04/06/2025,,,x,tip,,ep,0.1,0.005235988,5,,
30,blue,AB30,,04/06/2025,,,x,tip,,ep,0.2,0.020943951,,,
30,blue,AB30,,04/06/2025,,,x,tip,,mm,0.2,0.031415927,,,
30,blue,AB30,,04/06/2025,,,y,base,,,,,,,
30,blue,AB30,,04/06/2025,,,y,middle,,mm,1,0.785398163,1,,
30,blue,AB30,,04/06/2025,,,y,middle,,mm,0.4,0.125663706,,,
30,blue,AB30,,04/06/2025,,,y,middle,,mm,0.3,0.070685835,,,
30,blue,AB30,,04/06/2025,,,y,middle,,mm,0.2,0.031415927,,,
30,blue,AB30,,04/06/2025,,,y,tip,,ep,1,0.523598776,4,,
31,blue,AB31,,04/06/2025,,,x,base,,,,,,,
31,blue,AB31,,04/06/2025,,,x,middle,,mm,0.8,0.502654825,,,
31,blue,AB31,,04/06/2025,,,x,middle,,mm,0.5,0.196349541,,,
31,blue,AB31,,04/06/2025,,,x,tip,,mm,0.3,0.070685835,10,,
31,blue,AB31,,04/06/2025,,,x,tip,,mm,0.4,0.125663706,,,
31,blue,AB31,,04/06/2025,,,x,tip,,ep,0.5,0.130899694,,,
31,blue,AB31,,04/06/2025,,,y,base,,,,,,,
31,blue,AB31,,04/06/2025,,,y,middle,,,,,,,
31,blue,AB31,,04/06/2025,,,y,tip,,ep,0.4,0.083775804,4,,
31,blue,AB31,,04/06/2025,,,y,tip,,mm,0.4,0.125663706,,,
31,blue,AB31,,04/06/2025,,,y,tip,,mm,0.5,0.196349541,,,
31,blue,AB31,,04/06/2025,,,y,tip,,mm,0.3,0.070685835,,,
31,blue,AB31,,04/06/2025,,,y,tip,,mm,0.2,0.031415927,,,
32,blue,AB32,,04/06/2025,,,x,base,,,,,,,
32,blue,AB32,,04/06/2025,,,x,middle,,,,,,1,
32,blue,AB32,,04/06/2025,,,x,tip,,mm,1,0.785398163,,,
32,blue,AB32,,04/06/2025,,,y,base,,,,,,,
32,blue,AB32,,04/06/2025,,,y,middle,,mm,0.5,0.196349541,,,
35,green,AG35,,04/06/2025,,meristem only:clean,,,,,,,,,
36,green,AG36,,04/06/2025,,tag detached_160cm,x,base,,,,,,,
36,green,AG36,,04/06/2025,,tag detached_160cm,x,middle,,ep,1,0.523598776,,,
36,green,AG36,,04/06/2025,,tag detached_160cm,x,middle,,ep,0.6,0.188495559,,,
36,green,AG36,,04/06/2025,,tag detached_160cm,x,tip,,ep,0.5,0.130899694,,,
36,green,AG36,,04/06/2025,,tag detached_160cm,y,base,,,,,,,
36,green,AG36,,04/06/2025,,tag detached_160cm,y,middle,,ep,0.5,0.130899694,,,
36,green,AG36,,04/06/2025,,tag detached_160cm,y,middle,,mm,0.5,0.196349541,,,
36,green,AG36,,04/06/2025,,tag detached_160cm,y,middle,,ep,0.3,0.04712389,,,
36,green,AG36,,04/06/2025,,tag detached_160cm,y,tip,,ep,0.5,0.130899694,,,
36,green,AG36,,04/06/2025,,tag detached_160cm,y,tip,,ep,0.3,0.04712389,,,
36,green,AG36,,04/06/2025,,tag detached_160cm,y,tip,,ep,0.3,0.04712389,,,
37,green,AG37,,04/06/2025,,tag detached_120,x,base,,,,,,,
37,green,AG37,,04/06/2025,,tag detached_120,x,middle,,ep,0.5,0.130899694,,1,
37,green,AG37,,04/06/2025,,tag detached_120,x,middle,,ep,0.5,0.130899694,,,
37,green,AG37,,04/06/2025,,tag detached_120,x,tip,,ep,0.5,0.130899694,,1,
37,green,AG37,,04/06/2025,,tag detached_120,x,tip,,mm,0.4,0.125663706,,,
37,green,AG37,,04/06/2025,,tag detached_120,x,tip,,mm,0.1,0.007853982,,,
37,green,AG37,,04/06/2025,,tag detached_120,y,base,,,,,,2,
37,green,AG37,,04/06/2025,,tag detached_120,y,middle,,,,,,1,
37,green,AG37,,04/06/2025,,tag detached_120,y,tip,,,,,,4,
39,green,AG39,,04/06/2025,,,x,base,,,,,,,
39,green,AG39,,04/06/2025,,,x,middle,,,,,2,,
39,green,AG39,,04/06/2025,,,x,tip,,mm,0.2,0.031415927,,,
39,green,AG39,,04/06/2025,,,x,tip,,ep,0.3,0.04712389,,,
39,green,AG39,,04/06/2025,,,y,base,,,,,,,
39,green,AG39,,04/06/2025,,,y,middle,,mm,0.1,0.007853982,,1,
39,green,AG39,,04/06/2025,,,y,middle,,mm,0.1,0.007853982,,,
39,green,AG39,,04/06/2025,,,y,tip,,mm,0.2,0.031415927,,1,
40,green,AG40,,04/06/2025,,,x,base,,,,,,,
40,green,AG40,,04/06/2025,,,x,middle,,ep,0.5,0.130899694,,6,
40,green,AG40,,04/06/2025,,,x,middle,,ep,0.5,0.130899694,,,
40,green,AG40,,04/06/2025,,,x,middle,,mm,0.5,0.196349541,,,
40,green,AG40,,04/06/2025,,,x,middle,,mm,0.2,0.031415927,,,
40,green,AG40,,04/06/2025,,,x,middle,,mm,0.1,0.007853982,,,
40,green,AG40,,04/06/2025,,,x,tip,,ep,1,0.523598776,,,
40,green,AG40,,04/06/2025,,,x,tip,,ep,0.8,0.335103216,,,
40,green,AG40,,04/06/2025,,,y,base,,,,,,,
40,green,AG40,,04/06/2025,,,y,middle,,mm,0.5,0.196349541,,3,
40,green,AG40,,04/06/2025,,,y,middle,,ep,0.4,0.083775804,,,
40,green,AG40,,04/06/2025,,,y,tip,,ep,0.1,0.005235988,,,
40,white,AW40,,04/06/2025,,,x,base,,,,,,,
40,white,AW40,,04/06/2025,,,x,middle,,mm,0.3,0.070685835,4,,
40,white,AW40,,04/06/2025,,,x,tip,,,,,,,
40,white,AW40,,04/06/2025,,,y,base,,,,,,,
40,white,AW40,,04/06/2025,,,y,middle,,ep,0.8,0.335103216,,,
40,white,AW40,,04/06/2025,,,y,tip,,,,,,,
41,green,AG41,,04/06/2025,,tag detached_76,x,base,,,na,,,,
41,green,AG41,,04/06/2025,,tag detached_76,x,middle,,,,,2,,
41,green,AG41,,04/06/2025,,tag detached_76,x,tip,,ep,0.5,0.130899694,,,
41,green,AG41,,04/06/2025,,tag detached_76,y,base,,,na,,,,
41,green,AG41,,04/06/2025,,tag detached_76,y,middle,,mm,0.2,0.031415927,,,
41,green,AG41,,04/06/2025,,tag detached_76,y,middle,,ep,0.3,0.04712389,,,
41,green,AG41,,04/06/2025,,tag detached_76,y,tip,,mm,0.3,0.070685835,,,
42,green,AG42,,04/06/2025,,,x,base,,,,,,1,
42,green,AG42,,04/06/2025,,,x,middle,,,,,2,1,
42,green,AG42,,04/06/2025,,,x,tip,,,,,,1,
42,green,AG42,,04/06/2025,,,y,base,,,na,,,,
42,green,AG42,,04/06/2025,,,y,middle,,mm,0.4,0.125663706,,1,
42,green,AG42,,04/06/2025,,,y,tip,,,,,,,
44,green,AG44,,04/06/2025,,,x,base,,,,,,,
44,green,AG44,,04/06/2025,,,x,middle,,,,,,,
44,green,AG44,,04/06/2025,,,x,tip,,ep,0.5,0.130899694,,,
44,green,AG44,,04/06/2025,,,y,base,,,,,,1,
44,green,AG44,,04/06/2025,,,y,middle,,,,,,,
44,green,AG44,,04/06/2025,,,y,tip,,,,,,,
45,green,AG45,,04/06/2025,,,x,base,,,,,,,
45,green,AG45,,04/06/2025,,,x,middle,,,,,,2,
45,green,AG45,,04/06/2025,,,x,tip,,mm,0.2,0.031415927,,,
45,green,AG45,,04/06/2025,,,y,base,,,,,,,
45,green,AG45,,04/06/2025,,,y,middle,,mm,0.1,0.007853982,,,
45,green,AG45,,04/06/2025,,,y,middle,,mm,0.1,0.007853982,,,
45,green,AG45,,04/06/2025,,,y,tip,,mm,0.1,0.007853982,,,
46,green,AG46,,04/06/2025,,,x,base,,,,,,,
46,green,AG46,,04/06/2025,,,x,middle,,mm,0.2,0.031415927,,,
46,green,AG46,,04/06/2025,,,x,tip,,mm,0.2,0.031415927,,,
46,green,AG46,,04/06/2025,,,y,base,,,,,,,
46,green,AG46,,04/06/2025,,,y,middle,,,,,1,10,
46,green,AG46,,04/06/2025,,,y,tip,,ep,0.8,0.335103216,,,
47,green,AG47,,04/06/2025,,,x,base,,,na,,,,
47,green,AG47,,04/06/2025,,,x,middle,,mm,0.5,0.196349541,,,
47,green,AG47,,04/06/2025,,,x,tip,,mm,0.2,0.031415927,,1,
47,green,AG47,,04/06/2025,,,y,base,,,na,,,1,
47,green,AG47,,04/06/2025,,,y,middle,,,na,,,,
47,green,AG47,,04/06/2025,,,y,tip,,mm,0.1,0.007853982,,,
47,green,AG47,,04/06/2025,,,y,tip,,mm,0.4,0.125663706,,,
48,green,AG48,,04/06/2025,,,x,base,,,,,,,
48,green,AG48,,04/06/2025,,,x,middle,,mm,1,0.785398163,2,,
48,green,AG48,,04/06/2025,,,x,middle,,ep,0.5,0.130899694,,,
48,green,AG48,,04/06/2025,,,x,tip,,mm,0.2,0.031415927,,,
48,green,AG48,,04/06/2025,,,y,base,,,,,,,
48,green,AG48,,04/06/2025,,,y,middle,,mm,0.4,0.125663706,,,
48,green,AG48,,04/06/2025,,,y,middle,,ep,0.3,0.04712389,1,,
48,green,AG48,,04/06/2025,,,y,tip,,,,,,,
100notag,,,,04/06/2025,,tag detached_100,x,base,,,,,,,
100notag,,,,04/06/2025,,tag detached_100,x,middle,,ep,0.3,0.04712389,,,
100notag,,,,04/06/2025,,tag detached_100,x,tip,,ep,0.5,0.130899694,,1,
100notag,,,,04/06/2025,,tag detached_100,y,base,,,,,,,
100notag,,,,04/06/2025,,tag detached_100,y,middle,,ep,0.3,0.04712389,10,,
100notag,,,,04/06/2025,,tag detached_100,y,tip,,ep,0.6,0.188495559,5,,
100notag,,,,04/06/2025,,tag detached_100,y,tip,,mm,0.8,0.502654825,,,
100notag,,,,04/06/2025,,tag detached_100,y,tip,,mm,0.4,0.125663706,,,
100notag,,,,04/06/2025,,tag detached_100,y,tip,,ep,1,0.523598776,,,
100notag,,,,04/06/2025,,tag detached_100,y,tip,,ep,0.2,0.020943951,,,
120notag,,,,04/06/2025,,tag detached,x,base,,,,,,,
120notag,,,,04/06/2025,,tag detached,x,base,,mm,0.2,0.031415927,,,
120notag,,,,04/06/2025,,tag detached,x,base,,mm,1,0.785398163,,,
120notag,,,,04/06/2025,,tag detached,x,middle,,mm,1,0.785398163,,,
120notag,,,,04/06/2025,,tag detached,x,middle,,ep,1,0.523598776,,,
120notag,,,,04/06/2025,,tag detached,x,middle,,ep,0.5,0.130899694,,,
120notag,,,,04/06/2025,,tag detached,x,tip,,ep,1.5,1.178097245,3,1,
120notag,,,,04/06/2025,,tag detached,x,tip,,ep,1,0.523598776,,,
120notag,,,,04/06/2025,,tag detached,x,tip,,ep,1.3,0.884881931,,,
120notag,,,,04/06/2025,,tag detached,y,base,,,,,,,
120notag,,,,04/06/2025,,tag detached,y,middle,,mm,0.2,0.031415927,,,
120notag,,,,04/06/2025,,tag detached,y,middle,,mm,0.3,0.070685835,,,
120notag,,,,04/06/2025,,tag detached,y,tip,,mm,1.5,1.767145868,,,
120notag,,,,04/06/2025,,tag detached,y,tip,,mm,1,0.785398163,,,
120notag,,,,04/06/2025,,tag detached,y,tip,,mm,1.5,1.767145868,,,
120notag,,,,04/06/2025,,tag detached,y,tip,,mm,1,0.785398163,,,
178notag,,,,04/06/2025,,tag detached_178,x,base,,,,,,,
178notag,,,,04/06/2025,,tag detached_178,x,middle,,ep,,,,1,
178notag,,,,04/06/2025,,tag detached_178,x,tip,,ep,0.5,0.130899694,,,
178notag,,,,04/06/2025,,tag detached_178,x,tip,,mm,0.4,0.125663706,,,
178notag,,,,04/06/2025,,tag detached_178,y,base,,ep,0.5,0.130899694,,,
178notag,,,,04/06/2025,,tag detached_178,y,middle,,,,,,1,
178notag,,,,04/06/2025,,tag detached_178,y,tip,,ep,1,0.523598776,,,
178notag,,,,04/06/2025,,tag detached_178,y,tip,,mm,0.4,0.125663706,,,
,orange_yellow,YO15,15,04/06/2025,,,,,,mm,1,0.785398163,,,
,orange_yellow,YO15,15,04/06/2025,,,,,,mm,0.8,0.502654825,,,
,orange_yellow,YO15,15,04/06/2025,,,,,,mm,0.3,0.070685835,,,
,orange_yellow,YO09,9,04/06/2025,,,,,,mm,0.3,0.070685835,,,
,orange_yellow,YO21,21,04/06/2025,,,,,,mm,1.6,2.010619298,,,
,orange_yellow,YO21,21,04/06/2025,,,,,,mm,1.4,1.5393804,,,
,orange_yellow,YO04,4,04/06/2025,26,,,,,mm,1.6,2.010619298,,,
,orange_yellow,YO18,18,04/06/2025,52,clean,,,,,,,,,
,orange_yellow,YO05,5,04/06/2025,65,,,,1,mm,1,0.785398163,,,
,orange_yellow,YO05,5,04/06/2025,,,,,2,mm,0.6,0.282743339,,,
,orange_yellow,YO05,5,04/06/2025,,,,,3,mm,0.9,0.636172512,,,
,orange_yellow,YO05,5,04/06/2025,,clean,,,4,,,,,,
,orange_yellow,YO11,11,04/06/2025,66,,,,1,ep,0.9,0.424115008,,,
,orange_yellow,YO11,11,04/06/2025,66,,,,1,mm,0.2,0.031415927,,,
,orange_yellow,YO11,11,04/06/2025,66,,,,1,mm,0.1,0.007853982,,,
,orange_yellow,YO11,11,04/06/2025,66,,,,1,mm,0.1,0.007853982,,,
,orange_yellow,YO11,11,04/06/2025,66,,,,1,mm,0.1,0.007853982,,,
,orange_yellow,YO11,11,04/06/2025,66,,,,1,ep,0.8,0.335103216,,,
,orange_yellow,YO11,11,04/06/2025,66,,,,1,mm,0.2,0.031415927,,,
,orange_yellow,YO11,11,04/06/2025,66,,,,1,mm,0.3,0.070685835,,,
,orange_yellow,YO11,11,04/06/2025,66,,,,1,mm,0.2,0.031415927,,,
,orange_yellow,YO11,11,04/06/2025,,,,,2,mm,1.3,1.327322896,,,
,orange_yellow,YO11,11,04/06/2025,,,,,2,mm,0.1,0.007853982,,,
,orange_yellow,YO11,11,04/06/2025,,,,,2,mm,0.1,0.007853982,,,
,orange_yellow,YO11,11,04/06/2025,,,,,2,ep,1,0.523598776,,,
,orange_yellow,YO11,11,04/06/2025,,,,,3,ep,2,2.094395102,9,,
,orange_yellow,YO11,11,04/06/2025,,,,,2,ep,0.9,0.424115008,,,
,orange_yellow,YO11,11,04/06/2025,,,,,2,ep,0.4,0.083775804,,,
,orange_yellow,YO11,11,04/06/2025,,,,,4,,,,,,
,orange_yellow,YO22,22,04/06/2025,50,,,,1,,,,,,
,orange_yellow,YO22,22,04/06/2025,,,,,2,mm,0.2,0.031415927,,,
,orange_yellow,YO22,22,04/06/2025,,,,,2,mm,0.2,0.031415927,,,
,orange_yellow,YO22,22,04/06/2025,,,,,3,mm,0.5,0.196349541,,,
,orange_yellow,YO22,22,04/06/2025,,,,,3,mm,0.5,0.196349541,,,
,orange_yellow,YO22,22,04/06/2025,,,,,4,mm,0.3,0.070685835,,,
,orange_yellow,YO22,22,04/06/2025,,,,,6,mm,0.3,0.070685835,,,
,orange_yellow,YO22,22,04/06/2025,,,,,6,mm,0.3,0.070685835,,,
,orange_yellow,YO22,22,04/06/2025,,,,,7,,,,,2,
,orange_yellow,YO22,22,04/06/2025,,,,,8,mm,1,0.785398163,,,
,orange_yellow,YO22,22,04/06/2025,,,,,8,mm,1.2,1.130973355,,,
,orange_yellow,YO22,22,04/06/2025,,,,,8,mm,1,0.785398163,,,
,orange_yellow,YO14,14,04/06/2025,30,,,,1,mm,0.6,0.282743339,1,2,
,orange_yellow,YO20,20,04/06/2025,37,,,,1,ep,0.4,0.083775804,1,2,
,orange_yellow,YO16,16,04/06/2025,50,,,,1,mm,1.2,1.130973355,1,2,
,orange_yellow,YO16,16,04/06/2025,50,,,,1,mm,0.8,0.502654825,1,2,
,orange_yellow,YO16,16,04/06/2025,50,,,,1,ep,0.7,0.2565634,0.4,,
,orange_yellow,YO16,16,04/06/2025,,,,,2,,,,,,
,orange_yellow,YO08,8,04/06/2025,40,,,,1,mm,0.2,0.031415927,,1,
,orange_yellow,YO08,8,04/06/2025,40,,,,1,ep,0.2,0.020943951,,1,
,orange_yellow,YO08,8,04/06/2025,40,,,,1,mm,1,0.785398163,,1,
,orange_yellow,YO08,8,04/06/2025,40,,,,1,mm,0.2,0.031415927,5,1,
,orange_yellow,YO08,8,04/06/2025,40,,,,1,mm,0.1,0.007853982,,,
,orange_yellow,YO08,8,04/06/2025,,,,,2,mm,1.8,2.544690049,,1,
,orange_yellow,YO08,8,04/06/2025,,,,,2,ep,0.6,0.188495559,,1,
,orange_yellow,YO12,12,04/06/2025,50,,,,1,mm,0.2,0.031415927,,,
,orange_yellow,YO12,12,04/06/2025,50,,,,1,mm,0.2,0.031415927,,,
,orange_yellow,YO12,12,04/06/2025,,,,,2,mm,0.1,0.007853982,,,
,orange_yellow,YO12,12,04/06/2025,,,,,2,mm,0.1,0.007853982,,,
,orange_yellow,YO12,12,04/06/2025,,,,,2,mm,0.8,0.502654825,,,
,orange_yellow,YO06,6,04/06/2025,48,,,,1,mm,0.2,0.031415927,,4,
,orange_yellow,YO06,6,04/06/2025,48,,,,1,mm,1.5,1.767145868,,4,
,orange_yellow,YO06,6,04/06/2025,,,,,2,mm,0.2,0.031415927,1,,
,orange_yellow,YO06,6,04/06/2025,,,,,2,mm,0.3,0.070685835,1,,
,orange_yellow,YO06,6,04/06/2025,,,,,3,mm,1.2,1.130973355,,,
,orange_yellow,YO06,6,04/06/2025,,,,,3,mm,1.4,1.5393804,,,
,orange_yellow,YO06,6,04/06/2025,,,,,4,mm,0.5,0.196349541,,,
,orange_yellow,YO06,6,04/06/2025,,,,,5,mm,0.2,0.031415927,,,
,orange_yellow,YO06,6,04/06/2025,,,,,5,mm,0.2,0.031415927,,,
,orange_yellow,YO01,1,04/06/2025,18,,,,1,mm,1.4,1.5393804,,,
,orange_yellow,YO01,1,04/06/2025,18,,,,1,mm,1.8,2.544690049,,,
,orange_yellow,YO01,1,04/06/2025,18,,,,1,mm,1,0.785398163,,,
,orange_yellow,YO01,1,04/06/2025,,,,,2,,,,4,,
,orange_yellow,YO10,10,04/06/2025,17,,,,1,,,,,,
,orange_yellow,YO13,13,04/06/2025,53,,,,1,,,,1,,
,orange_yellow,YO13,13,04/06/2025,,,,,2,mm,0.1,0.007853982,,4,
,orange_yellow,YO13,13,04/06/2025,,,,,2,mm,0.1,0.007853982,,4,
,orange_yellow,YO13,13,04/06/2025,,,,,3,,,,,,
,orange_yellow,YO23,23,04/06/2025,,mia,,,,,,,,,
,orange_yellow,YO19,19,04/06/2025,,mia,,,,,,,,,
,orange_yellow,YO02,2,04/06/2025,,mia,,,,,,,,,
,orange_yellow,YO25,25,04/06/2025,,mia,,,,,,,,,
,orange_yellow,YO17,17,04/06/2025,,mia,,,,,,,,,
,orange_yellow,YO03,3,04/06/2025,,mia,,,,,,,,,
,orange_yellow,YO07,7,04/06/2025,,mia,,,,,,,,,
,orange_yellow,YO24,24,04/06/2025,,mia but also not on sheet,,,,,,,,,
1,white,AW1,,12/06/2025,,,x,base,,,,,,,
1,white,AW1,,12/06/2025,,,x,middle,,ep,0.4,0.083775804,,,
1,white,AW1,,12/06/2025,,,x,middle,,mm,0.3,0.070685835,,,
1,white,AW1,,12/06/2025,,,x,middle,,mm,0.2,0.031415927,,,
1,white,AW1,,12/06/2025,,,x,middle,,mm,0.1,0.007853982,,,
1,white,AW1,,12/06/2025,,,x,tip,,ep,1,0.523598776,,,
1,white,AW1,,12/06/2025,,,x,tip,,mm,0.4,0.125663706,,,
1,white,AW1,,12/06/2025,,,y,base,,mm,0.2,0.031415927,,4,
1,white,AW1,,12/06/2025,,,y,middle,,ep,1.3,0.884881931,,,
1,white,AW1,,12/06/2025,,,y,middle,,ep,0.8,0.335103216,,,
1,white,AW1,,12/06/2025,,,y,middle,,ep,0.6,0.188495559,,,
1,white,AW1,,12/06/2025,,,y,tip,,mm,0.4,0.125663706,1,,
1,white,AW1,,12/06/2025,,,y,tip,,mm,0.4,0.125663706,,,
1,red,AR1,,12/06/2025,,,x,base,,ep,1.1,0.633554518,,,
1,red,AR1,,12/06/2025,,,x,base,,ep,1.1,0.633554518,,,
1,red,AR1,,12/06/2025,,,x,base,,ep,0.6,0.188495559,,,
1,red,AR1,,12/06/2025,,,x,base,,mm,0.3,0.070685835,,,
1,red,AR1,,12/06/2025,,,x,base,,mm,0.2,0.031415927,,,
1,red,AR1,,12/06/2025,,,x,base,,mm,0.2,0.031415927,,,
1,red,AR1,,12/06/2025,,,x,base,,ep,0.2,0.020943951,,,
1,red,AR1,,12/06/2025,,,x,middle,,mm,1.5,1.767145868,,,
1,red,AR1,,12/06/2025,,,x,middle,,ep,1.4,1.0262536,,,
1,red,AR1,,12/06/2025,,,x,middle,,ep,0.3,0.04712389,,,
1,red,AR1,,12/06/2025,,,x,middle,,ep,0.5,0.130899694,,,
1,red,AR1,,12/06/2025,,,x,middle,,ep,0.5,0.130899694,,,
1,red,AR1,,12/06/2025,,,x,middle,,ep,0.3,0.04712389,,,
1,red,AR1,,12/06/2025,,,x,middle,,mm,0.2,0.031415927,,,
1,red,AR1,,12/06/2025,,,x,middle,,mm,0.4,0.125663706,,,
1,red,AR1,,12/06/2025,,,x,middle,,mm,0.5,0.196349541,,,
1,red,AR1,,12/06/2025,,,x,tip,,,,,,,
1,red,AR1,,12/06/2025,,,y,base,,mm,2,3.141592654,,3,
1,red,AR1,,12/06/2025,,,y,base,,mm,0.2,0.031415927,,,
1,red,AR1,,12/06/2025,,,x,base,,mm,0.2,0.031415927,,,
1,red,AR1,,12/06/2025,,,y,middle,,ep,1.5,1.178097245,1,1,
1,red,AR1,,12/06/2025,,,y,middle,,mm,0.3,0.070685835,,,
1,red,AR1,,12/06/2025,,,y,middle,,ep,0.6,0.188495559,,,
1,red,AR1,,12/06/2025,,,y,tip,,mm,0.4,0.125663706,1,,
2,white,AW2,,12/06/2025,,,x,base,,,,,,,
2,white,AW2,,12/06/2025,,,x,middle,,,,,,4,
2,white,AW2,,12/06/2025,,,x,tip,,ep,1,0.523598776,,3,
2,white,AW2,,12/06/2025,,,y,base,,,,,,1,
2,white,AW2,,12/06/2025,,,y,middle,,ep,1,0.523598776,,2,
2,white,AW2,,12/06/2025,,,y,middle,,mm,0.2,0.031415927,,,
2,white,AW2,,12/06/2025,,,y,tip,,ep,1,0.523598776,2,,
2,white,AW2,,12/06/2025,,,y,tip,,mm,0.4,0.125663706,,,
2,white,AW2,,12/06/2025,,,y,tip,,mm,0.4,0.125663706,,,
2,white,AW2,,12/06/2025,,,y,tip,,mm,0.4,0.125663706,,,
2,red,AR2,,12/06/2025,,,x,base,,ep,0.8,0.335103216,2,3,
2,red,AR2,,12/06/2025,,,x,middle,,mm,2.5,4.908738521,2,4,
2,red,AR2,,12/06/2025,,,x,middle,,mm,1,0.785398163,,,
2,red,AR2,,12/06/2025,,,x,middle,,ep,1,0.523598776,,,
2,red,AR2,,12/06/2025,,,x,middle,,mm,0.2,0.031415927,,,
2,red,AR2,,12/06/2025,,,x,middle,,mm,0.2,0.031415927,,,
2,red,AR2,,12/06/2025,,,x,middle,,mm,0.1,0.007853982,,,
2,red,AR2,,12/06/2025,,1 x seasquirt,x,tip,,mm,2,3.141592654,,,
2,red,AR2,,12/06/2025,,,x,tip,,mm,1,0.785398163,,,
2,red,AR2,,12/06/2025,,,x,tip,,mm,0.6,0.282743339,,,
2,red,AR2,,12/06/2025,,,x,tip,,mm,0.3,0.070685835,,,
2,red,AR2,,12/06/2025,,,y,base,,mm,0.2,0.031415927,,,
2,red,AR2,,12/06/2025,,,y,base,,mm,0.2,0.031415927,,,
2,red,AR2,,12/06/2025,,,y,base,,mm,0.6,0.282743339,,,
2,red,AR2,,12/06/2025,,,y,middle,,mm,2.5,4.908738521,,,
2,red,AR2,,12/06/2025,,,y,middle,,mm,2,3.141592654,,,
2,red,AR2,,12/06/2025,,,y,middle,,mm,1,0.785398163,,,
2,red,AR2,,12/06/2025,,,y,middle,,mm,1.5,1.767145868,,,
2,red,AR2,,12/06/2025,,,y,middle,,mm,0.2,0.031415927,,,
2,red,AR2,,12/06/2025,,,y,middle,,mm,0.2,0.031415927,,,
2,red,AR2,,12/06/2025,,,y,middle,,mm,0.2,0.031415927,,,
2,red,AR2,,12/06/2025,,,t,middle,,ep,1.3,0.884881931,,,
2,red,AR2,,12/06/2025,,,y,tip,,mm,0.6,0.282743339,,3,
2,red,AR2,,12/06/2025,,,y,tip,,mm,0.4,0.125663706,,,
2,red,AR2,,12/06/2025,,,y,tip,,mm,0.8,0.502654825,,,
3,white,AW3,,12/06/2025,,,x,base,,mm,0.1,0.007853982,,,
3,white,AW3,,12/06/2025,,,x,base,,mm,0.1,0.007853982,,1,
3,white,AW3,,12/06/2025,,,x,middle,,mm,1,0.785398163,,1,
3,white,AW3,,12/06/2025,,,x,tip,,mm,1.5,1.767145868,,1,
3,white,AW3,,12/06/2025,,,y,base,,,,,,1,
3,white,AW3,,12/06/2025,,,y,middle,,ep,1.5,1.178097245,,,
3,white,AW3,,12/06/2025,,,y,middle,,ep,1.2,0.753982237,,,
3,white,AW3,,12/06/2025,,,y,middle,,mm,0.3,0.070685835,,,
3,white,AW3,,12/06/2025,,,y,middle,,mm,0.3,0.070685835,,,
3,white,AW3,,12/06/2025,,,y,middle,,mm,0.2,0.031415927,,,
3,white,AW3,,12/06/2025,,,y,tip,,,,,,3,
4,white,AW4,,12/06/2025,,base only,x,base,,,,,,4,
4,white,AW4,,12/06/2025,,,y,base,,mm,0.2,0.031415927,,4,
4,white,AW4,,12/06/2025,,,y,base,,mm,0.2,0.031415927,,,
4,white,AW4,,12/06/2025,,,y,base,,mm,0.2,0.031415927,,,
4,red,AR4,,12/06/2025,,mia,,,,,,,,,
5,red,AR5,,12/06/2025,,,x,base,,,,,,1,
5,red,AR5,,12/06/2025,,,x,middle,,,4,,2,1,
5,red,AR5,,12/06/2025,,,x,middle,,,4,,,,
5,red,AR5,,12/06/2025,,,x,middle,,,4,,,,
5,red,AR5,,12/06/2025,,,x,middle,,,2,,,,
5,red,AR5,,12/06/2025,,,x,middle,,,1,,,,
5,red,AR5,,12/06/2025,,,x,middle,,,4,,,,
5,red,AR5,,12/06/2025,,,x,tip,,,,,,,
5,red,AR5,,12/06/2025,,,y,base,,,,,,,
5,red,AR5,,12/06/2025,,,y,middle,,mm,0.3,0.070685835,,,
5,red,AR5,,12/06/2025,,,y,middle,,mm,0.2,0.031415927,,,
5,red,AR5,,12/06/2025,,,y,middle,,ep,1,0.523598776,,,
5,red,AR5,,12/06/2025,,,y,tip,,ep,3,4.71238898,4,1,
6,red,AR6,,12/06/2025,,,x,base,,,,,,,
6,red,AR6,,12/06/2025,,,x,middle,,mm,1.8,2.544690049,,4,
6,red,AR6,,12/06/2025,,,x,middle,,mm,0.1,0.007853982,,,
6,red,AR6,,12/06/2025,,,x,middle,,mm,0.1,0.007853982,,,
6,red,AR6,,12/06/2025,,,x,middle,,mm,0.2,0.031415927,,,
6,red,AR6,,12/06/2025,,,x,middle,,mm,0.1,0.007853982,,,
6,red,AR6,,12/06/2025,,,x,tip,,mm,0.5,0.196349541,1,,1
6,red,AR6,,12/06/2025,,,y,base,,mm,0.2,0.031415927,,2,
6,red,AR6,,12/06/2025,,,y,base,,mm,0.2,0.031415927,,,
6,red,AR6,,12/06/2025,,,y,middle,,ep,1,0.523598776,,1,
6,red,AR6,,12/06/2025,,,y,middle,,mm,0.3,0.070685835,,,
6,red,AR6,,12/06/2025,,,y,tip,,mm,0.5,0.196349541,,,
6,white,AW6,,12/06/2025,,,x,base,,,,,,5,
6,white,AW6,,12/06/2025,,,x,middle,,mm,1.5,1.767145868,1,5,
6,white,AW6,,12/06/2025,,,x,tip,,mm,0.4,0.125663706,3,1,
6,white,AW6,,12/06/2025,,,x,tip,,mm,0.4,0.125663706,,,
6,white,AW6,,12/06/2025,,,x,tip,,mm,0.2,0.031415927,,,
6,white,AW6,,12/06/2025,,,y,base,,,,,1,3,
6,white,AW6,,12/06/2025,,,y,middle,,mm,0.8,0.502654825,,,
6,white,AW6,,12/06/2025,,,y,middle,,mm,0.2,0.031415927,,,
6,white,AW6,,12/06/2025,,,y,middle,,mm,0.2,0.031415927,,,
6,white,AW6,,12/06/2025,,,y,middle,,mm,0.1,0.007853982,,,
6,white,AW6,,12/06/2025,,,y,middle,,mm,0.3,0.070685835,,,
6,white,AW6,,12/06/2025,,,y,middle,,ep,1.1,0.633554518,,,
6,white,AW6,,12/06/2025,,,y,tip,,mm,0.2,0.031415927,2,,
6,white,AW6,,12/06/2025,,,y,tip,,mm,0.2,0.031415927,,,
6,white,AW6,,12/06/2025,,,y,tip,,mm,0.6,0.282743339,,,
7,white,AW7,,12/06/2025,,,x,base,,,,,,1,
7,white,AW7,,12/06/2025,,,x,middle,,mm,2,3.141592654,1,7,
7,white,AW7,,12/06/2025,,,x,middle,,mm,0.3,0.070685835,,,
7,white,AW7,,12/06/2025,,,x,middle,,mm,0.2,0.031415927,,,
7,white,AW7,,12/06/2025,,,x,tip,,mm,0.3,0.070685835,,,
7,white,AW7,,12/06/2025,,,x,tip,,mm,0.2,0.031415927,,,
7,white,AW7,,12/06/2025,,,x,tip,,mm,0.4,0.125663706,,,
7,white,AW7,,12/06/2025,,,x,tip,,mm,0.3,0.070685835,,,
7,white,AW7,,12/06/2025,,,y,base,,,,,,,
7,white,AW7,,12/06/2025,,,y,middle,,mm,0.3,0.070685835,,,
7,white,AW7,,12/06/2025,,,y,middle,,mm,0.3,0.070685835,,,
7,white,AW7,,12/06/2025,,,y,middle,,mm,0.2,0.031415927,,,
7,white,AW7,,12/06/2025,,,y,middle,,mm,0.1,0.007853982,,,
7,white,AW7,,12/06/2025,,,y,middle,,mm,0.1,0.007853982,,,
7,white,AW7,,12/06/2025,,,y,middle,,mm,0.2,0.031415927,,,
7,white,AW7,,12/06/2025,,,y,middle,,mm,0.3,0.070685835,,,
7,white,AW7,,12/06/2025,,,y,tip,,mm,0.3,0.070685835,,1,
7,white,AW7,,12/06/2025,,,y,tip,,mm,0.3,0.070685835,,,
9,white,AW9,,12/06/2025,,,x,base,,,,,,,
9,white,AW9,,12/06/2025,,,x,middle,,mm,0.4,0.125663706,1,,
9,white,AW9,,12/06/2025,,,x,tip,,,,,,1,
9,white,AW9,,12/06/2025,,,y,base,,,,,,,
9,white,AW9,,12/06/2025,,,y,middle,,ep,0.6,0.188495559,,,
9,white,AW9,,12/06/2025,,,y,middle,,mm,0.2,0.031415927,,,
9,white,AW9,,12/06/2025,,,y,middle,,mm,0.3,0.070685835,,,
9,white,AW9,,12/06/2025,,,y,middle,,mm,0.2,0.031415927,,,
9,white,AW9,,12/06/2025,,,y,middle,,mm,0.2,0.031415927,,,
9,white,AW9,,12/06/2025,,,y,middle,,mm,0.1,0.007853982,,,
9,white,AW9,,12/06/2025,,,y,middle,,mm,0.1,0.007853982,,,
9,white,AW9,,12/06/2025,,,y,middle,,mm,0.1,0.007853982,,,
9,white,AW9,,12/06/2025,,,y,middle,,mm,0.1,0.007853982,,,
9,white,AW9,,12/06/2025,,,y,middle,,mm,0.1,0.007853982,,,
9,white,AW9,,12/06/2025,,,y,tip,,,,,,,
9,red,AR9,,12/06/2025,,,x,base,,,,,,1,
9,red,AR9,,12/06/2025,,,x,middle,,mm,1,0.785398163,,2,
9,red,AR9,,12/06/2025,,,x,tip,,ep,1,0.523598776,,,
9,red,AR9,,12/06/2025,,,x,tip,,ep,1,0.523598776,,,
9,red,AR9,,12/06/2025,,,x,tip,,ep,0.5,0.130899694,,,
9,red,AR9,,12/06/2025,,,x,tip,,mm,0.2,0.031415927,,,
9,red,AR9,,12/06/2025,,,x,tip,,mm,0.1,0.007853982,,1,
9,red,AR9,,12/06/2025,,,y,base,,,,,,,
9,red,AR9,,12/06/2025,,,y,middle,,ep,1.1,0.633554518,,3,
9,red,AR9,,12/06/2025,,,y,middle,,ep,1,0.523598776,,,
9,red,AR9,,12/06/2025,,,y,middle,,ep,0.6,0.188495559,,,
9,red,AR9,,12/06/2025,,,y,middle,,mm,0.7,0.3848451,,,
9,red,AR9,,12/06/2025,,,y,middle,,mm,0.2,0.031415927,,,
9,red,AR9,,12/06/2025,,,y,middle,,mm,0.2,0.031415927,,,
9,red,AR9,,12/06/2025,,,y,middle,,mm,0.2,0.031415927,,,
9,red,AR9,,12/06/2025,,,y,tip,,,,,,1,
10,white,AW10,,12/06/2025,,tip missing ,x,base,,mm,0.2,0.031415927,1,2,
10,white,AW10,,12/06/2025,,,x,base,,mm,0.1,0.007853982,,,
10,white,AW10,,12/06/2025,,,x,middle,,mm,2.5,4.908738521,6,,
10,white,AW10,,12/06/2025,,,x,middle,,mm,0.1,0.007853982,,,
10,white,AW10,,12/06/2025,,,x,middle,,mm,0.1,0.007853982,,,
10,white,AW10,,12/06/2025,,,y,base,,mm,1,0.785398163,,1,
10,white,AW10,,12/06/2025,,,y,middle,,,,,3,,
11,white,AW11,,12/06/2025,,,x,base,,mm,1.5,1.767145868,4,,
11,white,AW11,,12/06/2025,,,x,middle,,mm,0.2,0.031415927,,3,
11,white,AW11,,12/06/2025,,,x,middle,,mm,0.3,0.070685835,,,
11,white,AW11,,12/06/2025,,,x,middle,,mm,0.3,0.070685835,,,
11,white,AW11,,12/06/2025,,,x,tip,,mm,0.5,0.196349541,,2,
11,white,AW11,,12/06/2025,,,x,tip,,mm,0.4,0.125663706,,,
11,white,AW11,,12/06/2025,,,y,base,,,,,,,
11,white,AW11,,12/06/2025,,,y,middle,,mm,1,0.785398163,,,
11,white,AW11,,12/06/2025,,,y,middle,,mm,1,0.785398163,,,
11,white,AW11,,12/06/2025,,,y,middle,,mm,0.2,0.031415927,,,
11,white,AW11,,12/06/2025,,,y,middle,,mm,0.1,0.007853982,,,
11,white,AW11,,12/06/2025,,,y,middle,,mm,0.1,0.007853982,,,
11,white,AW11,,12/06/2025,,1 x ascidian,y,tip,,ep,1.2,0.753982237,,1,
11,white,AW11,,12/06/2025,,,y,tip,,mm,0.2,0.031415927,,,
11,white,AW11,,12/06/2025,,,y,tip,,mm,0.2,0.031415927,,,
12,white,AW12,,12/06/2025,,,x,base,,mm,1,0.785398163,,1,
12,white,AW12,,12/06/2025,,,x,middle,,mm,2,3.141592654,1,2,
12,white,AW12,,12/06/2025,,,x,middle,,mm,2,3.141592654,,,
12,white,AW12,,12/06/2025,,,x,tip,,,,,3,,
12,white,AW12,,12/06/2025,,,y,base,,,,,,2,
12,white,AW12,,12/06/2025,,,y,middle,,mm,4,12.56637061,,1,
12,white,AW12,,12/06/2025,,,y,middle,,mm,2,3.141592654,,,
12,white,AW12,,12/06/2025,,,y,middle,,mm,2,3.141592654,,,
12,white,AW12,,12/06/2025,,,y,middle,,mm,2,3.141592654,,,
12,white,AW12,,12/06/2025,,,y,middle,,mm,2,3.141592654,,,
12,white,AW12,,12/06/2025,,,y,tip,,mm,0.5,0.196349541,2,,
12,white,AW12,,12/06/2025,,,y,tip,,mm,0.5,0.196349541,,,
12,white,AW12,,12/06/2025,,,y,tip,,mm,0.5,0.196349541,,,
12,white,AW12,,12/06/2025,,,y,tip,,mm,0.4,0.125663706,,,
12,white,AW12,,12/06/2025,,1 blue ray limpet,y,tip,,mm,0.2,0.031415927,,,
13,white,AW13,,12/06/2025,,base only,x,base,,mm,1,0.785398163,,2,
13,white,AW13,,12/06/2025,,base only,y,,,,,,,2,
13,blue,AB13,,12/06/2025,,not on datasheet,x,base,,,,,,15,
13,blue,AB13,,12/06/2025,,not on datasheet,x,middle,,mm,0.8,0.502654825,,,
13,blue,AB13,,12/06/2025,,not on datasheet,x,middle,,mm,0.1,0.007853982,,,
13,blue,AB13,,12/06/2025,,not on datasheet,x,middle,,mm,0.1,0.007853982,,,
13,blue,AB13,,12/06/2025,,not on datasheet,x,middle,,mm,0.2,0.031415927,,,
13,blue,AB13,,12/06/2025,,not on datasheet,x,middle,,mm,0.1,0.007853982,,,
13,blue,AB13,,12/06/2025,,not on datasheet,x,middle,,mm,0.8,0.502654825,,,
13,blue,AB13,,12/06/2025,,not on datasheet,x,middle,,mm,0.6,0.282743339,,,
13,blue,AB13,,12/06/2025,,not on datasheet,x,middle,,mm,0.4,0.125663706,,,
13,blue,AB13,,12/06/2025,,not on datasheet,x,middle,,mm,0.6,0.282743339,,,
13,blue,AB13,,12/06/2025,,not on datasheet,x,middle,,mm,1.2,1.130973355,,,
13,blue,AB13,,12/06/2025,,not on datasheet,x,middle,,mm,1.5,1.767145868,,,
13,blue,AB13,,12/06/2025,,not on datasheet,x,tip,,mm,0.2,0.031415927,10,,
13,blue,AB13,,12/06/2025,,not on datasheet,x,tip,,mm,0.1,0.007853982,,,
13,blue,AB13,,12/06/2025,,not on datasheet,x,tip,,mm,0.4,0.125663706,,,
13,blue,AB13,,12/06/2025,,not on datasheet,x,tip,,mm,0.5,0.196349541,,,
13,blue,AB13,,12/06/2025,,not on datasheet,x,tip,,mm,0.2,0.031415927,,,
13,blue,AB13,,12/06/2025,,not on datasheet,x,tip,,mm,0.2,0.031415927,,,
13,blue,AB13,,12/06/2025,,not on datasheet,x,tip,,mm,0.2,0.031415927,,,
13,blue,AB13,,12/06/2025,,not on datasheet,y,base,,,,,,1,
13,blue,AB13,,12/06/2025,,not on datasheet,y,middle,,mm,0.2,0.031415927,2,1,
13,blue,AB13,,12/06/2025,,not on datasheet,y,middle,,mm,0.3,0.070685835,,,
13,blue,AB13,,12/06/2025,,not on datasheet,y,middle,,mm,0.3,0.070685835,,,
13,blue,AB13,,12/06/2025,,not on datasheet,y,tip,,ep,1.2,0.753982237,6,,
13,blue,AB13,,12/06/2025,,not on datasheet,y,tip,,ep,1.1,0.633554518,,,
14,blue,AB14,,12/06/2025,,not on datasheet,x,base,,mm,2,3.141592654,,3,
14,blue,AB14,,12/06/2025,,not on datasheet,x,middle,,mm,1.5,1.767145868,4,2,
14,blue,AB14,,12/06/2025,,not on datasheet,x,middle,,ep,1.1,0.633554518,,,
14,blue,AB14,,12/06/2025,,not on datasheet,x,tip,,mm,0.4,0.125663706,,,
14,blue,AB14,,12/06/2025,,not on datasheet,x,tip,,mm,0.5,0.196349541,,,
14,blue,AB14,,12/06/2025,,not on datasheet,y,base,,mm,0.3,0.070685835,,1,
14,blue,AB14,,12/06/2025,,not on datasheet,y,middle,,mm,1.2,1.130973355,10,2,
14,blue,AB14,,12/06/2025,,not on datasheet,y,middle,,mm,1.4,1.5393804,,,
14,blue,AB14,,12/06/2025,,not on datasheet,y,middle,,mm,0.4,0.125663706,,,
14,blue,AB14,,12/06/2025,,not on datasheet,y,middle,,mm,0.3,0.070685835,,,
14,blue,AB14,,12/06/2025,,not on datasheet,y,middle,,mm,0.2,0.031415927,,,
14,blue,AB14,,12/06/2025,,not on datasheet,y,middle,,mm,0.1,0.007853982,,,
14,blue,AB14,,12/06/2025,,not on datasheet,y,middle,,mm,0.2,0.031415927,,,
14,blue,AB14,,12/06/2025,,not on datasheet,y,middle,,mm,0.1,0.007853982,,,
14,blue,AB14,,12/06/2025,,not on datasheet,y,middle,,mm,0.4,0.125663706,,,
14,blue,AB14,,12/06/2025,,not on datasheet,y,middle,,ep,1.3,0.884881931,,,
14,blue,AB14,,12/06/2025,,not on datasheet,y,tip,,ep,0.5,0.130899694,1,1,
15,white,AW15,,12/06/2025,,,x,base,,,,,,,
15,white,AW15,,12/06/2025,,,x,middle,,mm,3,7.068583471,,,
15,white,AW15,,12/06/2025,,,x,middle,,mm,0.2,0.031415927,,,
15,white,AW15,,12/06/2025,,,x,middle,,mm,0.1,0.007853982,,,
15,white,AW15,,12/06/2025,,,x,middle,,mm,0.1,0.007853982,,,
15,white,AW15,,12/06/2025,,,x,middle,,mm,0.2,0.031415927,,,
15,white,AW15,,12/06/2025,,,x,middle,,ep,0.8,0.335103216,,,
15,white,AW15,,12/06/2025,,,x,tip,,mm,0.4,0.125663706,,,
15,white,AW15,,12/06/2025,,,x,tip,,mm,0.3,0.070685835,,,
15,white,AW15,,12/06/2025,,,y,base,,,,,,,
15,white,AW15,,12/06/2025,,,y,middle,,mm,2.5,4.908738521,,1,
15,white,AW15,,12/06/2025,,,y,middle,,ep,1.1,0.633554518,,,
15,white,AW15,,12/06/2025,,,y,middle,,mm,0.6,0.282743339,,,
15,white,AW15,,12/06/2025,,,y,middle,,mm,0.2,0.031415927,,,
15,white,AW15,,12/06/2025,,,y,tip,,,,,,,
16,white,AW16,,12/06/2025,,,x,base,,,,,,1,
16,white,AW16,,12/06/2025,,,x,middle,,mm,0.3,0.070685835,,1,
16,white,AW16,,12/06/2025,,,x,middle,,mm,0.2,0.031415927,,,
16,white,AW16,,12/06/2025,,,x,middle,,mm,0.2,0.031415927,,,
16,white,AW16,,12/06/2025,,,x,tip,,mm,3,7.068583471,,4,
16,white,AW16,,12/06/2025,,,y,base,,,,,,1,
16,white,AW16,,12/06/2025,,,y,middle,,ep,1.4,1.0262536,,3,
16,white,AW16,,12/06/2025,,,y,middle,,ep,1,0.523598776,,,
16,white,AW16,,12/06/2025,,,y,middle,,mm,2.5,4.908738521,,,
16,white,AW16,,12/06/2025,,,y,middle,,mm,1,0.785398163,,,
16,white,AW16,,12/06/2025,,,y,middle,,mm,0.3,0.070685835,,,
16,white,AW16,,12/06/2025,,,y,middle,,mm,0.3,0.070685835,,,
16,white,AW16,,12/06/2025,,,y,middle,,mm,0.2,0.031415927,,,
16,white,AW16,,12/06/2025,,,y,middle,,mm,0.2,0.031415927,,,
16,white,AW16,,12/06/2025,,,y,middle,,mm,0.2,0.031415927,,,
16,white,AW16,,12/06/2025,,,y,middle,,mm,1,0.785398163,,,
16,white,AW16,,12/06/2025,,,y,tip,,ep,0.6,0.188495559,,,
16,white,AW16,,12/06/2025,,,y,tip,,ep,0.3,0.04712389,,,
17,blue,AB17,,12/06/2025,,,x,base,,,,,,,
17,blue,AB17,,12/06/2025,,,x,middle,,ep,0.8,0.335103216,1,,
17,blue,AB17,,12/06/2025,,,x,middle,,mm,1,0.785398163,,,
17,blue,AB17,,12/06/2025,,,x,middle,,mm,0.1,0.007853982,,,
17,blue,AB17,,12/06/2025,,,x,middle,,mm,0.1,0.007853982,,,
17,blue,AB17,,12/06/2025,,,x,middle,,mm,0.1,0.007853982,,,
17,blue,AB17,,12/06/2025,,,x,middle,,mm,0.2,0.031415927,,,
17,blue,AB17,,12/06/2025,,,x,middle,,mm,0.1,0.007853982,,,
17,blue,AB17,,12/06/2025,,,x,middle,,mm,0.1,0.007853982,,,
17,blue,AB17,,12/06/2025,,,x,middle,,mm,0.1,0.007853982,,,
17,blue,AB17,,12/06/2025,,,x,tip,,ep,1.2,0.753982237,2,,
17,blue,AB17,,12/06/2025,,,x,tip,,mm,0.3,0.070685835,,,
17,blue,AB17,,12/06/2025,,,y,base,,,,,6,2,
17,blue,AB17,,12/06/2025,,,y,middle,,mm,0.3,0.070685835,,,
17,blue,AB17,,12/06/2025,,,y,middle,,mm,0.6,0.282743339,,,
17,blue,AB17,,12/06/2025,,,y,middle,,ep,1,0.523598776,,,
17,blue,AB17,,12/06/2025,,,y,middle,,ep,1.2,0.753982237,,,
17,blue,AB17,,12/06/2025,,,y,tip,,ep,1,0.523598776,10,1,
17,blue,AB17,,12/06/2025,,,y,tip,,ep,1.2,0.753982237,,,
17,blue,AB17,,12/06/2025,,,y,tip,,ep,1,0.523598776,,,
17,blue,AB17,,12/06/2025,,,y,tip,,mm,0.3,0.070685835,,,
17,blue,AB17,,12/06/2025,,,y,tip,,mm,0.2,0.031415927,,,
18,blue,AB18,,12/06/2025,,broken at middle - 76cm remianing,x,base,,mm,0.2,0.031415927,,,
18,blue,AB18,,12/06/2025,,,x,base,,mm,0.1,0.007853982,,,
18,blue,AB18,,12/06/2025,,,x,middle,,mm,1,0.785398163,1,,
18,blue,AB18,,12/06/2025,,,y,base,,mm,0.4,0.125663706,,4,
18,blue,AB18,,12/06/2025,,,y,middle,,mm,0.4,0.125663706,4,,
18,blue,AB18,,12/06/2025,,,y,middle,,mm,0.5,0.196349541,,,
18,blue,AB18,,12/06/2025,,,y,middle,,mm,0.4,0.125663706,,,
19,blue,AB19,,12/06/2025,,,x,base,,,,,,2,
19,blue,AB19,,12/06/2025,,,x,middle,,mm,1,0.785398163,,,
19,blue,AB19,,12/06/2025,,,x,middle,,ep,1,0.523598776,,,
19,blue,AB19,,12/06/2025,,,x,tip,,ep,1.4,1.0262536,,1,
19,blue,AB19,,12/06/2025,,,y,base,,mm,0.5,0.196349541,,3,
19,blue,AB19,,12/06/2025,,,y,middle,,mm,1.2,1.130973355,3,4,
19,blue,AB19,,12/06/2025,,,y,middle,,ep,1.4,1.0262536,,,
19,blue,AB19,,12/06/2025,,,y,middle,,ep,0.2,0.020943951,,,
19,blue,AB19,,12/06/2025,,,y,tip,,ep,3,4.71238898,,,
19,blue,AB19,,12/06/2025,,,y,tip,,ep,1.4,1.0262536,,,
19,blue,AB19,,12/06/2025,,,y,tip,,mm,0.4,0.125663706,,,
19,blue,AB19,,12/06/2025,,,y,tip,,mm,0.3,0.070685835,,,
21,blue,AB21,,12/06/2025,,,x,base,,,,,,,
21,blue,AB21,,12/06/2025,,,x,middle,,mm,1,0.785398163,,,
21,blue,AB21,,12/06/2025,,,x,tip,,ep,1.2,0.753982237,9,3,
21,blue,AB21,,12/06/2025,,,x,tip,,mm,0.2,0.031415927,,,
21,blue,AB21,,12/06/2025,,,x,tip,,mm,0.2,0.031415927,,,
21,blue,AB21,,12/06/2025,,,x,tip,,mm,0.3,0.070685835,,,
21,blue,AB21,,12/06/2025,,,x,tip,,mm,0.1,0.007853982,,,
21,blue,AB21,,12/06/2025,,,y,base,,mm,2,3.141592654,,4,
21,blue,AB21,,12/06/2025,,,y,middle,,,,,2,10,
21,blue,AB21,,12/06/2025,,,y,tip,,ep,2,2.094395102,3,,
21,blue,AB21,,12/06/2025,,,y,tip,,ep,0.8,0.335103216,,,
21,blue,AB21,,12/06/2025,,,y,tip,,mm,0.3,0.070685835,,,
21,blue,AB21,,12/06/2025,,,y,tip,,mm,0.4,0.125663706,,,
24,blue,AB24,,12/06/2025,,,x,base,,,,,,,
24,blue,AB24,,12/06/2025,,,x,middle,,,,,2,,
24,blue,AB24,,12/06/2025,,,x,tip,,mm,0.4,0.125663706,,,
24,blue,AB24,,12/06/2025,,,y,base,,,,,,,
24,blue,AB24,,12/06/2025,,,y,middle,,,,,3,,
24,blue,AB24,,12/06/2025,,,y,tip,,mm,0.4,0.125663706,2,,
24,blue,AB24,,12/06/2025,,,y,tip,,mm,0.3,0.070685835,,,
25,blue,AB25,,12/06/2025,,,x,base,,,,,,2,
25,blue,AB25,,12/06/2025,,,x,middle,,,,,2,4,
25,blue,AB25,,12/06/2025,,,x,tip,,ep,0.7,0.2565634,,,
25,blue,AB25,,12/06/2025,,,x,tip,,ep,0.7,0.2565634,,,
25,blue,AB25,,12/06/2025,,,x,tip,,mm,0.2,0.031415927,,,
25,blue,AB25,,12/06/2025,,,y,base,,ep,0.5,0.130899694,,2,
25,blue,AB25,,12/06/2025,,,y,base,,ep,0.4,0.083775804,,,
25,blue,AB25,,12/06/2025,,,y,middle,,mm,1,0.785398163,10,,
25,blue,AB25,,12/06/2025,,,y,middle,,mm,0.5,0.196349541,,,
25,blue,AB25,,12/06/2025,,,y,tip,,mm,0.2,0.031415927,10,4,
25,blue,AB25,,12/06/2025,,,y,tip,,mm,0.1,0.007853982,,,
26,blue,AB26,,12/06/2025,,,x,base,,,,,,,
26,blue,AB26,,12/06/2025,,,x,middle,,mm,0.3,0.070685835,,1,
26,blue,AB26,,12/06/2025,,,x,tip,,mm,0.3,0.070685835,,,
26,blue,AB26,,12/06/2025,,,x,tip,,mm,0.3,0.070685835,,,
26,blue,AB26,,12/06/2025,,,x,tip,,mm,0.3,0.070685835,,,
26,blue,AB26,,12/06/2025,,,y,base,,,,,,4,
26,blue,AB26,,12/06/2025,,,y,middle,,mm,0.8,0.502654825,,,
26,blue,AB26,,12/06/2025,,,y,middle,,mm,0.2,0.031415927,,,
26,blue,AB26,,12/06/2025,,,y,middle,,mm,0.2,0.031415927,,,
26,blue,AB26,,12/06/2025,,,y,tip,,ep,0.8,0.335103216,,,1
26,blue,AB26,,12/06/2025,,,y,tip,,mm,0.2,0.031415927,,,
27,blue,AB27,,12/06/2025,,,x,base,,,,,,,
27,blue,AB27,,12/06/2025,,,x,middle,,mm,0.2,0.031415927,1,,
27,blue,AB27,,12/06/2025,,,x,middle,,mm,0.1,0.007853982,,,
27,blue,AB27,,12/06/2025,,,x,middle,,mm,0.1,0.007853982,,,
27,blue,AB27,,12/06/2025,,,x,middle,,mm,0.2,0.031415927,,,
27,blue,AB27,,12/06/2025,,,x,tip,,ep,1.2,0.753982237,,2,
27,blue,AB27,,12/06/2025,,,x,tip,,ep,0.5,0.130899694,,,
27,blue,AB27,,12/06/2025,,,x,tip,,mm,0.2,0.031415927,,,
27,blue,AB27,,12/06/2025,,,x,tip,,mm,0.3,0.070685835,,,
27,blue,AB27,,12/06/2025,,,y,base,,,,,,2,
27,blue,AB27,,12/06/2025,,,y,middle,,,1,,2,2,
27,blue,AB27,,12/06/2025,,,y,middle,,,0.2,,,,
27,blue,AB27,,12/06/2025,,,y,tip,,ep,1.5,1.178097245,2,,
27,blue,AB27,,12/06/2025,,,y,tip,,ep,1,0.523598776,,,
27,blue,AB27,,12/06/2025,,,y,tip,,mm,0.8,0.502654825,,,
27,blue,AB27,,12/06/2025,,,y,tip,,ep,0.4,0.083775804,,,
31,blue,AB31,,12/06/2025,,,x,base,,,,,,,
31,blue,AB31,,12/06/2025,,,x,middle,,ep,1,0.523598776,,3,
31,blue,AB31,,12/06/2025,,,x,middle,,ep,0.5,0.130899694,,,
31,blue,AB31,,12/06/2025,,,x,middle,,ep,1.2,0.753982237,,,
31,blue,AB31,,12/06/2025,,,x,middle,,mm,0.4,0.125663706,,,
31,blue,AB31,,12/06/2025,,,x,middle,,mm,0.4,0.125663706,,,
31,blue,AB31,,12/06/2025,,,x,middle,,mm,0.4,0.125663706,,,
31,blue,AB31,,12/06/2025,,,x,middle,,mm,0.3,0.070685835,,,
31,blue,AB31,,12/06/2025,,,x,middle,,mm,0.4,0.125663706,,,
31,blue,AB31,,12/06/2025,,,x,middle,,mm,0.2,0.031415927,,,
31,blue,AB31,,12/06/2025,,,x,middle,,mm,0.5,0.196349541,,,
31,blue,AB31,,12/06/2025,,,x,tip,,ep,1,0.523598776,,,
31,blue,AB31,,12/06/2025,,,x,tip,,mm,0.2,0.031415927,,,
31,blue,AB31,,12/06/2025,,,x,tip,,mm,0.2,0.031415927,,,
31,blue,AB31,,12/06/2025,,,x,tip,,mm,0.3,0.070685835,,,
31,blue,AB31,,12/06/2025,,,x,tip,,mm,0.6,0.282743339,,,
31,blue,AB31,,12/06/2025,,,x,tip,,mm,0.8,0.502654825,,,
31,blue,AB31,,12/06/2025,,,y,base,,,,,,4,
31,blue,AB31,,12/06/2025,,,y,middle,,ep,1.8,1.696460033,4,,
31,blue,AB31,,12/06/2025,,,y,middle,,mm,0.3,0.070685835,,,
31,blue,AB31,,12/06/2025,,,y,tip,,mm,0.5,0.196349541,20,,
31,blue,AB31,,12/06/2025,,,y,tip,,mm,0.3,0.070685835,,,
31,blue,AB31,,12/06/2025,,,y,tip,,mm,0.5,0.196349541,,,
31,blue,AB31,,12/06/2025,,,y,tip,,mm,0.3,0.070685835,,,
31,blue,AB31,,12/06/2025,,,y,tip,,mm,0.3,0.070685835,,,
31,blue,AB31,,12/06/2025,,,y,tip,,mm,0.3,0.070685835,,,
31,blue,AB31,,12/06/2025,,,y,tip,,mm,0.3,0.070685835,,,
31,blue,AB31,,12/06/2025,,,y,tip,,mm,0.3,0.070685835,,,
32,blue,AB32,,12/06/2025,,,x,base,,,,,,,
32,blue,AB32,,12/06/2025,,,x,middle,,mm,0.9,0.636172512,,2,
32,blue,AB32,,12/06/2025,,,x,tip,,ep,1.5,1.178097245,,,
32,blue,AB32,,12/06/2025,,,y,base,,,,,,2,
32,blue,AB32,,12/06/2025,,,y,middle,,ep,0.4,0.083775804,,6,
32,blue,AB32,,12/06/2025,,,y,tip,,,,,2,,
39,green,AG39,,12/06/2025,,,x,base,,,,,,1,
39,green,AG39,,12/06/2025,,,x,middle,,mm,0.2,0.031415927,3,9,
39,green,AG39,,12/06/2025,,,x,middle,,mm,0.1,0.007853982,,,
39,green,AG39,,12/06/2025,,,x,middle,,mm,0.1,0.007853982,,,
39,green,AG39,,12/06/2025,,,x,middle,,mm,0.1,0.007853982,,,
39,green,AG39,,12/06/2025,,,x,middle,,mm,0.1,0.007853982,,,
39,green,AG39,,12/06/2025,,,x,tip,,ep,0.9,0.424115008,,3,
39,green,AG39,,12/06/2025,,,y,base,,,,,,1,
39,green,AG39,,12/06/2025,,,y,middle,,mm,0.2,0.031415927,1,6,
39,green,AG39,,12/06/2025,,,y,middle,,mm,0.2,0.031415927,,,
39,green,AG39,,12/06/2025,,,y,middle,,mm,0.2,0.031415927,,,
39,green,AG39,,12/06/2025,,,y,middle,,mm,0.2,0.031415927,,,
39,green,AG39,,12/06/2025,,,y,middle,,mm,0.1,0.007853982,,,
39,green,AG39,,12/06/2025,,,y,middle,,mm,0.1,0.007853982,,,
39,green,AG39,,12/06/2025,,,y,tip,,mm,0.2,0.031415927,,,
39,green,AG39,,12/06/2025,,,y,tip,,mm,0.2,0.031415927,,,
39,green,AG39,,12/06/2025,,,y,tip,,ep,0.4,0.083775804,,,
40,green,AG40,,12/06/2025,,,x,base,,,,,,,
40,green,AG40,,12/06/2025,,,x,middle,,mm,0.2,0.031415927,,6,
40,green,AG40,,12/06/2025,,,x,middle,,mm,0.2,0.031415927,,,
40,green,AG40,,12/06/2025,,,x,middle,,mm,0.2,0.031415927,,,
40,green,AG40,,12/06/2025,,,x,middle,,mm,0.3,0.070685835,,,
40,green,AG40,,12/06/2025,,,x,tip,,mm,0.2,0.031415927,,1,
40,green,AG40,,12/06/2025,,,y,base,,,,,,,
40,green,AG40,,12/06/2025,,,y,middle,,ep,0.8,0.335103216,,,
40,green,AG40,,12/06/2025,,,y,middle,,ep,1,0.523598776,,,
40,green,AG40,,12/06/2025,,,y,middle,,mm,1,0.785398163,,,
40,green,AG40,,12/06/2025,,,y,middle,,mm,0.2,0.031415927,5,4,
40,green,AG40,,12/06/2025,,,y,tip,,ep,1,0.523598776,1,,
40,green,AG40,,12/06/2025,,,y,tip,,ep,0.6,0.188495559,,,
40,green,AG40,,12/06/2025,,,y,tip,,mm,0.3,0.070685835,,,
42,green,AG42,,12/06/2025,,,x,base,,mm,0.2,0.031415927,,4,
42,green,AG42,,12/06/2025,,,x,middle,,ep,0.4,0.083775804,,2,
42,green,AG42,,12/06/2025,,,x,middle,,ep,0.4,0.083775804,,,
42,green,AG42,,12/06/2025,,,x,tip,,mm,0.8,0.502654825,1,4,
42,green,AG42,,12/06/2025,,,y,base,,,,,,,
42,green,AG42,,12/06/2025,,,y,middle,,ep,0.5,0.130899694,,2,
42,green,AG42,,12/06/2025,,,y,tip,,ep,0.8,0.335103216,,,
42,green,AG42,,12/06/2025,,,y,tip,,ep,0.8,0.335103216,,,
42,green,AG42,,12/06/2025,,,y,tip,,ep,1,0.523598776,,,
45,green,AG45,,12/06/2025,,,x,base,,,,,,4,
45,green,AG45,,12/06/2025,,,x,middle,,mm,0.4,0.125663706,6,6,
45,green,AG45,,12/06/2025,,,x,middle,,ep,1.5,1.178097245,,,
45,green,AG45,,12/06/2025,,,x,tip,,,,,6,6,
45,green,AG45,,12/06/2025,,,y,base,,,,,,,
45,green,AG45,,12/06/2025,,,y,middle,,ep,0.4,0.083775804,3,3,
45,green,AG45,,12/06/2025,,,y,middle,,ep,0.4,0.083775804,,,
45,green,AG45,,12/06/2025,,,y,middle,,mm,0.2,0.031415927,,,
45,green,AG45,,12/06/2025,,,y,middle,,mm,0.1,0.007853982,,,
45,green,AG45,,12/06/2025,,,y,tip,,mm,0.3,0.070685835,,1,
45,green,AG45,,12/06/2025,,,y,tip,,mm,0.3,0.070685835,,,
46,green,AG46,,12/06/2025,,,x,base,,,,,,3,
46,green,AG46,,12/06/2025,,,x,middle,,ep,1.2,0.753982237,,3,
46,green,AG46,,12/06/2025,,,x,middle,,mm,0.4,0.125663706,,,
46,green,AG46,,12/06/2025,,,x,tip,,mm,0.4,0.125663706,,,
46,green,AG46,,12/06/2025,,,y,base,,,,,,,
46,green,AG46,,12/06/2025,,,y,middle,,ep,0.8,0.335103216,,6,
46,green,AG46,,12/06/2025,,,y,middle,,ep,0.5,0.130899694,,,
46,green,AG46,,12/06/2025,,,y,middle,,mm,1,0.785398163,,,
46,green,AG46,,12/06/2025,,,y,middle,,mm,2,3.141592654,,,
46,green,AG46,,12/06/2025,,,y,tip,,ep,0.8,0.335103216,,3,
47,green,AG47,,12/06/2025,,,x,base,,,,,,3,
47,green,AG47,,12/06/2025,,,x,middle,,mm,2,3.141592654,,6,
47,green,AG47,,12/06/2025,,,x,tip,,,,,,4,
47,green,AG47,,12/06/2025,,,y,base,,,,,,3,
47,green,AG47,,12/06/2025,,,y,middle,,mm,2,3.141592654,,6,
47,green,AG47,,12/06/2025,,,y,tip,,,,,,4,
48,green,AG48,,12/06/2025,,,x,base,,,,,,,
48,green,AG48,,12/06/2025,,,x,middle,,,,,2,3,
48,green,AG48,,12/06/2025,,,x,tip,,mm,0.4,0.125663706,1,,
48,green,AG48,,12/06/2025,,,x,tip,,mm,0.2,0.031415927,,,
48,green,AG48,,12/06/2025,,,x,tip,,mm,0.2,0.031415927,,,
48,green,AG48,,12/06/2025,,,y,base,,,,,,2,
48,green,AG48,,12/06/2025,,,y,middle,,ep,1.2,0.753982237,,,
48,green,AG48,,12/06/2025,,,y,middle,,ep,1.2,0.753982237,,,
48,green,AG48,,12/06/2025,,,y,middle,,ep,1,0.523598776,,,
48,green,AG48,,12/06/2025,,,y,middle,,mm,0.3,0.070685835,,,
48,green,AG48,,12/06/2025,,,y,middle,,mm,0.2,0.031415927,,,
48,green,AG48,,12/06/2025,,,y,middle,,mm,0.1,0.007853982,,,
48,green,AG48,,12/06/2025,,,y,middle,,mm,0.4,0.125663706,,,
48,green,AG48,,12/06/2025,,,y,middle,,ep,0.5,0.130899694,,,
48,green,AG48,,12/06/2025,,,y,tip,,ep,1.1,0.633554518,,,
48,green,AG48,,12/06/2025,,,y,tip,,mm,0.3,0.070685835,,,
48,green,AG48,,12/06/2025,,,y,tip,,mm,0.3,0.070685835,,,
110notag,,,,12/06/2025,,,x,base,,mm,1,0.785398163,,1,
110notag,,,,12/06/2025,,,x,base,,mm,0.5,0.196349541,,,
110notag,,,,12/06/2025,,,x,base,,ep,1.3,0.884881931,,,
110notag,,,,12/06/2025,,,x,base,,mm,0.9,0.636172512,,,
110notag,,,,12/06/2025,,,x,middle,,ep,1,0.523598776,4,5,
110notag,,,,12/06/2025,,,x,middle,,ep,0.9,0.424115008,,,
110notag,,,,12/06/2025,,,x,middle,,mm,1.5,1.767145868,,,
110notag,,,,12/06/2025,,,x,middle,,mm,0.6,0.282743339,,,
110notag,,,,12/06/2025,,,x,middle,,mm,0.6,0.282743339,,,
110notag,,,,12/06/2025,,,x,middle,,mm,0.2,0.031415927,,,
110notag,,,,12/06/2025,,,x,tip,,ep,1.5,1.178097245,,1,
110notag,,,,12/06/2025,,,x,tip,,mm,1,0.785398163,,,
110notag,,,,12/06/2025,,,x,tip,,mm,0.8,0.502654825,,,
110notag,,,,12/06/2025,,,x,tip,,ep,1.9,1.89019158,,,
110notag,,,,12/06/2025,,,x,tip,,ep,1.2,0.753982237,,,
110notag,,,,12/06/2025,,,y,base,,,,,,,
110notag,,,,12/06/2025,,,y,middle,,mm,0.3,0.070685835,2,3,
110notag,,,,12/06/2025,,,y,middle,,mm,0.2,0.031415927,,,
110notag,,,,12/06/2025,,,y,tip,,ep,1.4,1.0262536,,,
110notag,,,,12/06/2025,,,y,tip,,ep,0.8,0.335103216,4,,
120notag,,,,12/06/2025,,,x,base,,ep,0.5,0.130899694,,1,
120notag,,,,12/06/2025,,,x,middle,,ep,1.2,0.753982237,,,
120notag,,,,12/06/2025,,,x,middle,,mm,0.3,0.070685835,,,
120notag,,,,12/06/2025,,,x,middle,,mm,0.1,0.007853982,,,
120notag,,,,12/06/2025,,,x,middle,,mm,0.3,0.070685835,,,
120notag,,,,12/06/2025,,,x,middle,,mm,0.1,0.007853982,,,
120notag,,,,12/06/2025,,,x,middle,,ep,0.5,0.130899694,,,
120notag,,,,12/06/2025,,,x,tip,,mm,2,3.141592654,,,
120notag,,,,12/06/2025,,,y,base,,mm,1.5,1.767145868,,,
120notag,,,,12/06/2025,,,y,base,,mm,0.5,0.196349541,,,
120notag,,,,12/06/2025,,,y,base,,ep,1.5,1.178097245,,3,
120notag,,,,12/06/2025,,,y,middle,,,,,,,
120notag,,,,12/06/2025,,,y,tip,,,,,,1,
120notag,,,,12/06/2025,,,x,base,,,,,,2,
120notag,,,,12/06/2025,,,x,middle,,ep,1.4,1.0262536,,6,
120notag,,,,12/06/2025,,,x,tip,,ep,0.5,0.130899694,,1,
120notag,,,,12/06/2025,,,x,tip,,ep,0.4,0.083775804,,,
120notag,,,,12/06/2025,,,y,base,,,,,,6,
120notag,,,,12/06/2025,,,y,middle,,ep,0.4,0.083775804,2,6,
120notag,,,,12/06/2025,,,y,tip,,ep,1,0.523598776,1,1,
120notag,,,,12/06/2025,,,y,tip,,ep,0.8,0.335103216,,,
120notag,,,,12/06/2025,,,y,tip,,mm,0.2,0.031415927,,,
120notag,,,,12/06/2025,,,y,tip,,mm,0.3,0.070685835,,,
120notag,,,,12/06/2025,,,y,tip,,mm,0.3,0.070685835,,,
123notag,,,,12/06/2025,,,x,base,,mm,0.3,0.070685835,,1,
123notag,,,,12/06/2025,,,x,middle,,mm,0.3,0.070685835,,4,
123notag,,,,12/06/2025,,,x,middle,,mm,0.3,0.070685835,,,
123notag,,,,12/06/2025,,,x,tip,,mm,0.5,0.196349541,2,,
123notag,,,,12/06/2025,,,x,tip,,ep,0.8,0.335103216,,,
123notag,,,,12/06/2025,,,x,tip,,mm,0.4,0.125663706,,,
123notag,,,,12/06/2025,,,y,base,,mm,0.3,0.070685835,,2,
123notag,,,,12/06/2025,,1 x epiphyte,y,middle,,mm,0.3,0.070685835,,4,
123notag,,,,12/06/2025,,,y,middle,,mm,0.3,0.070685835,,,
123notag,,,,12/06/2025,,,y,tip,,mm,0.6,0.282743339,1,1,
123notag,,,,12/06/2025,,,y,tip,,ep,0.8,0.335103216,,,
123notag,,,,12/06/2025,,,y,tip,,mm,0.4,0.125663706,,,
123notag,,,,12/06/2025,,,y,tip,,mm,0.4,0.125663706,,,
123notag,,,,12/06/2025,,,y,tip,,mm,0.5,0.196349541,,,
150notag,,,,12/06/2025,,,x,base,,ep,0.4,0.083775804,,,
150notag,,,,12/06/2025,,,x,middle,,ep,1.2,0.753982237,,,
150notag,,,,12/06/2025,,,x,middle,,ep,0.6,0.188495559,,,
150notag,,,,12/06/2025,,,x,middle,,ep,0.9,0.424115008,,,1
150notag,,,,12/06/2025,,,x,tip,,ep,1.2,0.753982237,,,
150notag,,,,12/06/2025,,,x,tip,,ep,1,0.523598776,,,
150notag,,,,12/06/2025,,,x,tip,,ep,1.2,0.753982237,,,
150notag,,,,12/06/2025,,,y,base,,ep,1.2,0.753982237,,1,
150notag,,,,12/06/2025,,,y,base,,ep,0.5,0.130899694,,,
150notag,,,,12/06/2025,,,y,middle,,mm,0.3,0.070685835,,2,
150notag,,,,12/06/2025,,,y,middle,,mm,0.2,0.031415927,,,
150notag,,,,12/06/2025,,,y,middle,,mm,0.2,0.031415927,,,
150notag,,,,12/06/2025,,,y,tip,,ep,1.3,0.884881931,,,
160notag,,,,12/06/2025,,,x,base,,mm,0.1,0.007853982,,1,
160notag,,,,12/06/2025,,,x,base,,mm,0.1,0.007853982,,,
160notag,,,,12/06/2025,,,x,base,,mm,0.2,0.031415927,,,
160notag,,,,12/06/2025,,,x,middle,,ep,1,0.523598776,,2,
160notag,,,,12/06/2025,,,x,middle,,ep,1,0.523598776,,,
160notag,,,,12/06/2025,,,x,middle,,mm,0.2,0.031415927,,,
160notag,,,,12/06/2025,,,x,middle,,mm,0.3,0.070685835,,,
160notag,,,,12/06/2025,,,x,middle,,mm,0.2,0.031415927,,,
160notag,,,,12/06/2025,,,x,tip,,ep,1,0.523598776,3,,
160notag,,,,12/06/2025,,,x,tip,,mm,0.3,0.070685835,,,
160notag,,,,12/06/2025,,,x,tip,,mm,0.1,0.007853982,,,
160notag,,,,12/06/2025,,,x,tip,,mm,0.2,0.031415927,,,
160notag,,,,12/06/2025,,,x,tip,,mm,0.1,0.007853982,0,,
160notag,,,,12/06/2025,,,x,tip,,ep,0.8,0.335103216,,,
160notag,,,,12/06/2025,,,y,base,,mm,2,3.141592654,,1,
160notag,,,,12/06/2025,,,y,middle,,ep,1.2,0.753982237,2,,
160notag,,,,12/06/2025,,,y,tip,,ep,1.3,0.884881931,,,
160notag,,,,12/06/2025,,,y,tip,,ep,1,0.523598776,,,
160notag,,,,12/06/2025,,,y,tip,,mm,0.2,0.031415927,,,
178notag,,,,12/06/2025,,,x,base,,,,,,3,
178notag,,,,12/06/2025,,,x,middle,,ep,1.2,0.753982237,,1,
178notag,,,,12/06/2025,,,x,middle,,mm,0.2,0.031415927,,,
178notag,,,,12/06/2025,,,x,tip,,ep,2,2.094395102,,,
178notag,,,,12/06/2025,,,x,tip,,mm,0.5,0.196349541,,,
178notag,,,,12/06/2025,,,y,base,,,,,,3,
178notag,,,,12/06/2025,,,y,middle,,ep,1.2,0.753982237,,1,
178notag,,,,12/06/2025,,,y,middle,,mm,0.2,0.031415927,,,
178notag,,,,12/06/2025,,,y,tip,,ep,2,2.094395102,,,
178notag,,,,12/06/2025,,,y,tip,,mm,0.5,0.196349541,,,
180notag,,,,12/06/2025,,,x,base,,,,,,,
180notag,,,,12/06/2025,,,x,middle,,,,,,,
180notag,,,,12/06/2025,,,x,tip,,mm,0.5,0.196349541,1,4,
180notag,,,,12/06/2025,,,x,tip,,ep,0.5,0.130899694,,,
180notag,,,,12/06/2025,,,y,base,,,,,,3,
180notag,,,,12/06/2025,,,y,middle,,ep,0.5,0.130899694,,3,
180notag,,,,12/06/2025,,,y,middle,,ep,0.5,0.130899694,,,
180notag,,,,12/06/2025,,,y,middle,,mm,0.2,0.031415927,,,
180notag,,,,12/06/2025,,,y,middle,,mm,0.2,0.031415927,,,
180notag,,,,12/06/2025,,,y,middle,,mm,0.2,0.031415927,,,
180notag,,,,12/06/2025,,,y,tip,,ep,1.5,1.178097245,,,
200notag,,,,12/06/2025,,,x,base,,,,,,,
200notag,,,,12/06/2025,,,x,middle,,mm,0.3,0.070685835,1,2,
200notag,,,,12/06/2025,,,x,middle,,mm,0.2,0.031415927,,,
200notag,,,,12/06/2025,,,x,middle,,mm,0.3,0.070685835,,,
200notag,,,,12/06/2025,,,x,middle,,mm,0.1,0.007853982,,,
200notag,,,,12/06/2025,,,x,middle,,mm,0.2,0.031415927,,,
200notag,,,,12/06/2025,,,x,tip,,mm,0.3,0.070685835,,,
200notag,,,,12/06/2025,,,x,tip,,mm,0.3,0.070685835,,,
200notag,,,,12/06/2025,,,x,tip,,mm,0.3,0.070685835,,,
200notag,,,,12/06/2025,,,x,tip,,mm,0.3,0.070685835,,,
200notag,,,,12/06/2025,,,x,tip,,mm,0.2,0.031415927,,,
200notag,,,,12/06/2025,,,y,base,,mm,0.1,0.007853982,,,
200notag,,,,12/06/2025,,,y,middle,,ep,1.2,0.753982237,,,3
200notag,,,,12/06/2025,,,y,middle,,mm,0.2,0.031415927,,,
200notag,,,,12/06/2025,,,y,middle,,mm,0.2,0.031415927,,,
200notag,,,,12/06/2025,,,y,middle,,mm,0.2,0.031415927,,,
200notag,,,,12/06/2025,,,y,middle,,mm,0.2,0.031415927,,,
200notag,,,,12/06/2025,,,y,middle,,mm,0.2,0.031415927,,,
200notag,,,,12/06/2025,,,y,middle,,mm,0.2,0.031415927,,,
200notag,,,,12/06/2025,,,y,middle,,mm,0.1,0.007853982,,,
200notag,,,,12/06/2025,,,y,middle,,mm,0.1,0.007853982,,,
200notag,,,,12/06/2025,,,y,middle,,mm,0.1,0.007853982,,,
200notag,,,,12/06/2025,,,y,middle,,mm,0.1,0.007853982,,,
200notag,,,,12/06/2025,,,y,tip,,mm,1,0.785398163,,,
200notag,,,,12/06/2025,,,y,tip,,mm,0.4,0.125663706,,,
200notag,,,,12/06/2025,,,y,tip,,mm,0.2,0.031415927,,,
200notag,,,,12/06/2025,,,y,tip,,mm,0.2,0.031415927,,,
200notag,,,,12/06/2025,,,y,tip,,mm,0.4,0.125663706,,,
250notag,,,,12/06/2025,,,x,base,,mm,0.2,0.031415927,,10,
250notag,,,,12/06/2025,,,x,base,,mm,0.2,0.031415927,,,
250notag,,,,12/06/2025,,,x,base,,mm,0.1,0.007853982,,,
250notag,,,,12/06/2025,,,x,middle,,ep,0.8,0.335103216,,,
250notag,,,,12/06/2025,,,x,middle,,ep,0.3,0.04712389,,,
250notag,,,,12/06/2025,,,x,middle,,ep,2,2.094395102,,,
250notag,,,,12/06/2025,,,x,middle,,ep,0.7,0.2565634,,,
250notag,,,,12/06/2025,,,x,middle,,ep,0.3,0.04712389,,,
250notag,,,,12/06/2025,,,x,middle,,mm,1.5,1.767145868,,,
250notag,,,,12/06/2025,,,x,tip,,ep,0.7,0.2565634,,,
250notag,,,,12/06/2025,,,x,tip,,mm,0.2,0.031415927,,,
250notag,,,,12/06/2025,,,y,base,,,,,,,
250notag,,,,12/06/2025,,,y,middle,,ep,1,0.523598776,,4,
250notag,,,,12/06/2025,,,y,middle,,ep,1,0.523598776,,,
250notag,,,,12/06/2025,,,y,middle,,ep,0.6,0.188495559,,,
250notag,,,,12/06/2025,,,y,middle,,ep,0.6,0.188495559,,,
250notag,,,,12/06/2025,,,y,middle,,mm,0.4,0.125663706,,,
250notag,,,,12/06/2025,,,y,middle,,mm,0.3,0.070685835,,,
250notag,,,,12/06/2025,,,y,middle,,mm,0.2,0.031415927,,,
250notag,,,,12/06/2025,,,y,middle,,mm,0.1,0.007853982,,,
250notag,,,,12/06/2025,,,y,tip,,mm,0.2,0.031415927,4,,
80notag,,,,12/06/2025,,,x,base,,,,,,,
80notag,,,,12/06/2025,,,x,middle,,mm,0.2,0.031415927,,1,
80notag,,,,12/06/2025,,,x,tip,,mm,0.5,0.196349541,,,
80notag,,,,12/06/2025,,,x,tip,,mm,0.3,0.070685835,,,
80notag,,,,12/06/2025,,,x,tip,,mm,0.4,0.125663706,,,
80notag,,,,12/06/2025,,,y,base,,,,,,,
80notag,,,,12/06/2025,,,y,middle,,,,,,5,
80notag,,,,12/06/2025,,,y,tip,,ep,0.1,0.005235988,1,,
95notag,,,,12/06/2025,,,x,base,,mm,0.2,0.031415927,,2,
95notag,,,,12/06/2025,,,x,base,,mm,0.1,0.007853982,,,
95notag,,,,12/06/2025,,,x,base,,mm,0.1,0.007853982,,,
95notag,,,,12/06/2025,,,x,middle,,ep,0.7,0.2565634,16,,
95notag,,,,12/06/2025,,,x,middle,,mm,0.2,0.031415927,,,
95notag,,,,12/06/2025,,,x,middle,,mm,0.2,0.031415927,,,
95notag,,,,12/06/2025,,,x,middle,,mm,0.1,0.007853982,,,
95notag,,,,12/06/2025,,,x,tip,,mm,0.5,0.196349541,,,
95notag,,,,12/06/2025,,,x,tip,,mm,0.3,0.070685835,,,
95notag,,,,12/06/2025,,,x,tip,,mm,0.4,0.125663706,,,
95notag,,,,12/06/2025,,,x,tip,,mm,0.3,0.070685835,,,
95notag,,,,12/06/2025,,,x,tip,,mm,0.3,0.070685835,,,
95notag,,,,12/06/2025,,,x,tip,,mm,0.4,0.125663706,,,
95notag,,,,12/06/2025,,,x,tip,,ep,1.2,0.753982237,,,
95notag,,,,12/06/2025,,,y,base,,ep,0.4,0.083775804,,1,
95notag,,,,12/06/2025,,,y,base,,ep,0.5,0.130899694,,,
95notag,,,,12/06/2025,,,y,middle,,mm,0.6,0.282743339,5,4,
95notag,,,,12/06/2025,,,y,tip,,mm,0.5,0.196349541,1,1,
95notag,,,,12/06/2025,,,y,tip,,ep,0.3,0.04712389,,,
,orange_yellow,YO23,23,12/06/2025,32,,,,1,,,,12,6,
,orange_yellow,YO23,23,12/06/2025,32,,,,1,,,,,,
,orange_yellow,YO23,23,12/06/2025,32,,,,1,,,,,,
,orange_yellow,YO19,19,12/06/2025,40,,,,1,mm,0.3,0.070685835,5,,
,orange_yellow,YO19,19,12/06/2025,40,,,,2,,,,2,,
,orange_yellow,YO19,19,12/06/2025,20,,,,3,,,,,4,
,orange_yellow,YO19,19,12/06/2025,20,,,,4,ep,2.5,3.272492347,,,
,orange_yellow,YO25,25,12/06/2025,80,,,,1,ep,1,0.523598776,,1,
,orange_yellow,YO25,25,12/06/2025,50,,,,2,,,,2,,
,orange_yellow,YO25,25,12/06/2025,40,,,,3,,,,,,
,orange_yellow,YO25,25,12/06/2025,30,,,,4,,,,,2,
,orange_yellow,YO03,3,12/06/2025,32,,,,1,,,,,,
,orange_yellow,YO09,9,12/06/2025,23,,,,1,,,,,,
,orange_yellow,YO09,9,12/06/2025,7,,,,2,,,,,1,
,orange_yellow,YO17,17,12/06/2025,15,,,,1,,,,,,
,orange_yellow,YO15,15,12/06/2025,30,,,,1,,,,,,
,orange_yellow,YO02,2,12/06/2025,22,,,,1,,,,,1,
,orange_yellow,YO21,21,12/06/2025,63,,,,1,mm,2,3.141592654,,14,
,orange_yellow,YO21,21,12/06/2025,63,,,,1,mm,0.3,0.070685835,,,
,orange_yellow,YO21,21,12/06/2025,63,,,,1,mm,1,0.785398163,,,
,orange_yellow,YO21,21,12/06/2025,63,,,,1,mm,1,0.785398163,,,
,orange_yellow,YO21,21,12/06/2025,63,,,,1,ep,1,0.523598776,,,
,orange_yellow,YO21,21,12/06/2025,63,,,,1,mm,2,3.141592654,,,
,orange_yellow,YO04,4,12/06/2025,50,,,,1,mm,1,0.785398163,,2,
,orange_yellow,YO07,7,12/06/2025,,mia,,,,mm,0.2,0.031415927,,,
,orange_yellow,YO18,18,12/06/2025,30,1 epiphytic algae,,,,,,,,6,
,orange_yellow,YO05,5,12/06/2025,70,1 blue ray limpet,,,1,mm,1,0.785398163,3,,
,orange_yellow,YO05,5,12/06/2025,75,,,,2,,,,15,10,
,orange_yellow,YO05,5,12/06/2025,15,,,,3,,2,,1,10,
,orange_yellow,YO05,5,12/06/2025,15,,,,3,,1.5,,,,
,orange_yellow,YO05,5,12/06/2025,45,,,,4,mm,0.4,0.125663706,8,7,
,orange_yellow,YO05,5,12/06/2025,23,,,,5,,,,,3,
,orange_yellow,YO11,11,12/06/2025,60,,,,1,ep,1,0.523598776,1,5,
,orange_yellow,YO11,11,12/06/2025,60,,,,1,mm,0.2,0.031415927,,,
,orange_yellow,YO11,11,12/06/2025,60,,,,1,mm,0.2,0.031415927,,,
,orange_yellow,YO11,11,12/06/2025,60,,,,1,mm,0.2,0.031415927,,,
,orange_yellow,YO11,11,12/06/2025,60,,,,1,mm,0.2,0.031415927,,,
,orange_yellow,YO11,11,12/06/2025,60,,,,1,mm,0.2,0.031415927,,,
,orange_yellow,YO11,11,12/06/2025,60,,,,1,ep,1,0.523598776,,,
,orange_yellow,YO11,11,12/06/2025,30,,,,2,mm,3,7.068583471,,3,
,orange_yellow,YO11,11,12/06/2025,30,,,,2,ep,1.3,0.884881931,,,
,orange_yellow,YO11,11,12/06/2025,30,,,,2,ep,1,0.523598776,,,
,orange_yellow,YO11,11,12/06/2025,35,,,,3,,,,,2,
,orange_yellow,YO11,11,12/06/2025,25,,,,4,,,,,2,
,orange_yellow,YO22,22,12/06/2025,66,,,,1,,,,,2,
,orange_yellow,YO22,22,12/06/2025,42,,,,2,,,,,1,
,orange_yellow,YO22,22,12/06/2025,28,,,,3,,,,,,
,orange_yellow,YO22,22,12/06/2025,27,,,,4,mm,1.2,1.130973355,,,
,orange_yellow,YO22,22,12/06/2025,30,,,,5,,,,3,1,
,orange_yellow,YO22,22,12/06/2025,33,,,,6,,,,,1,
,orange_yellow,YO22,22,12/06/2025,52,,,,7,,,,,,
,orange_yellow,YO14,14,12/06/2025,,mia,,,,,,,,,
,orange_yellow,YO20,20,12/06/2025,,mia,,,,,,,,,
,orange_yellow,YO16,16,12/06/2025,50,,,,1,,,,,4,
,orange_yellow,YO16,16,12/06/2025,,mia,,,2,,,,,,
,orange_yellow,YO06,6,12/06/2025,42,,,,1,,,,,,
,orange_yellow,YO06,6,12/06/2025,20,,,,2,mm,1,0.785398163,,,
,orange_yellow,YO12,12,12/06/2025,45,,,,1,,,,,,
,orange_yellow,YO12,12,12/06/2025,,,,,2,,,,,3,
,orange_yellow,YO12,12,12/06/2025,24,,,,3,,,,,2,
,orange_yellow,YO12,12,12/06/2025,25,,,,4,mm,1,0.785398163,,,
,orange_yellow,YO08,8,12/06/2025,27,,,,1,,,,,1,
,orange_yellow,YO01,1,12/06/2025,,mia,,,,,,,,,
,orange_yellow,YOunknown,unknown,12/06/2025,,mia,,,,,,,,,
,orange_yellow,YO13,13,12/06/2025,50,,,,1,,,,,10,
,orange_yellow,YO00,,12/06/2025,55,,,,2,,,,,5,
,orange_yellow,YO00,,12/06/2025,35,,,,3,,,,,4,
