Epibiont Taxa Identification,,,,,GenBank,,,,Photo,,,,,,,,
Visual ,BLAST outcome,Phylum,Class,Visual / Barcode Match,Percentage ,E Value,Accession No. ,Accession Length,Stereo,,Microscope,Blade,photo no,SampleID,Site,Analysis Date,Sequence 
unidentified segment,Amphibalanus improvisus - bay barnacle,Arhtropoda,Thecostraca,na,100%,1.00E-135,PQ739635.1,656,Picture,,,,10689,Scalpay__16/6/2021,Scalpay,14/12/2021,
,,,,,,,,,Picture,,,,10689,Scalpay__16/6/2021,Scalpay,14/12/2021,AATTTTTTCTCTCCATTTAGCGGGAGCTTCTTCAATTCTAGGAGCAATTAATTTTATATCCACAGTTATTAATATACGAGCAGAAACTTTAACTTTTGATCGTCTTCCTCTTTTTGTATGAAGAGTATTTATTACAGTAATTTTACTTCTACTATCACTCCCTGTTTTAGCAGGAGCTATTACAATACTACTTACAGATCGAAATCTAAATACTTCGTTTTTTGACCCTACAGGAGGAGGTGATCCTATTCTTTATCAACATTTATTCTGATTTTTCGGCCACCCCGAAGTCTACGTACTAAAGATCGGAAGAGCACACGTC
Amphipod (Jassa),Jassa herdmani,Arthropoda,Malacostraca,yes,100.00%,1.00E-144,MH052626.1,658,Picture,,,,10964 - 10967,Pabay_Mid_10/12/2021,Pabay,21/03/2022,TTTATTACTACAATTATTAATATGAGAGCTCCTGGAATGTCTTTCGACAAACTACCTCTTTTCGTTTGATCTGTTTTTATCACAGCTTTCTTGTTATTATTATCTCTACCAGTACTAGCAGGAGCAATTACTATGCTTCTAACTGATAGAAACTTTAACACCACTTTCTTTGACCCAGCTGGGGGGGGAGATCCGGTTTTATATCAACACTTATTTTGATTTTTCGGCCATCCCGAAGTCTAAGGCAGAAAGATCGGAAGAGCACACGTCTGAACTCCAGT
Amphipoda (Caprellidae),Jassa herdmani,Arthropoda,Malacostraca,no,100.00%,1.00E-136,KT208915.1,658,Picture,,,,109042 - 10943,Pabay_NW_10/12/2021,Pabay,08/03/2022,TCAGTTGATATGAGCAATATTTGAGTGTTACACTGCGCAGGAGCATCATCCATTATGGGAGCAATTAATTTTATTACTACAATTATTAATATGAGAGCTCCTGGAATGTCTTTCGACAAACTACCTCTTTTCGTTTGATCTGTTTTTATCACAGCTTTCTTGTTATTATTATCTCTACCAGTACTAGCAGGAGCAATTACTATGCTTCTAACTGATAGAAACTTTAACACCACTTTCTTTGACCCAGCTGGTGGGGGAGATCCGGTTTTATATCAACACTTATTTTGATTCTTTGGCCACCCCGAAGTCTAAGGCAGAAAGATCGGAAGAGCACACGTCTGAACTCANAGT
Bryozoans (cf Celleporella hyalina),Celleporella hyalina,Bryozoa,Gymnolaemata,yes,98.79%,2.00E-118,EF371562.1,592,Picture,,,,10937 - 10938,Pabay_NW_10/12/2021,Pabay,08/03/2022,CTAGCAATTTTTTCTTTACACCTTGCCGGTGCAAGATCTATTTTAGGTGCTATCAATTTTATTTCCACAATTATTAATATACGAGCAGAAGCAATATACTTAGACCGAATGCCTTTGTTCGTTTGATCAGTTTTTATCACCGCTATTCTACTACTTTTGTCTCTACCAGTTTTAGCCGGAGCTATTACAATATTGCTGACTGACCGAAATTTAAACACTTCTTTTTTTGACCCTTTAGGGGGAGGTGACCCTATCCTTTACCAACACTTATTCTGATTCTTTGGCCACCCCGAAGTCTAAGGCAGAAAGATCGGAAGAGCACACGTCTG
na,Membranipora membranacea,Bryozoa,Gymnolaemata,na,99.60%,1.00E-124,EU410286.1,601,Picture,,,,10690,Scalpay__16/6/2021,Scalpay,14/12/2021,CCTATTTTTTCTTTACATATAGGCTGGGATTTCTTCTATTTTGGGTGCTATTAATTTTATTAGTACCACAGGCAATGCTCGTAGTTCTTTGATAGGTATTATGCAACTACCTTTACTTATTAGTGCAACAACAATTACTGCTGTTTTGTTATTAATATCCTTACCAGTATTGGCAGGAGCTATTACTATATTGTTAACAGATCGAAATCTAAATACTTCTTTTTTTGATCCTTCAGGAGGAGGTGACCCAATTCTTTACCAACATTTATTTTGATTCTTCGGCCACCCCGAAGTCTAC
na,Electra pilosa,Bryozoa,Gymnolaemata,na,97.3,3.00E-25,MT293123.1,,,,,,10973 - 10974,Pabay_NE_10/12/2021,Pabay,21/03/2022,GGCGATTTTTAGTTTACATTGTGCAGGTGCTTCATCTATTATGGGTGCCATAAATTTTATTACAACAATATTTAATATGAGAGCCCCTGGCTTGACTTTAGATAAGTTACCATTATTTGTTTGGTCAGTCTTAATTACTGCCTTTTTATTACTTTTATCTTTACCTGTGTTAGCTGGAGCTATTACGATGTTACTTACAGATAGAAATTTTAATACAACATTCTTTGATCCAGCAGGTGGAGGTGATCCAGTATTATACCAACATTTATTTTGATTTTTTGGCCACCCCGAAGTCTAAGGCAAAAAGATCGGAAGAGCACACGTCTGAACTCCAG
Hydroid (with Licmophora attached),Clytia hemisphaerica,Cnidaria,Hydrozoa,yes,99.59%,4.00E-120,AY789902.1,627,Picture,,,,10850 - 10851,Pabay_C_21/12/2021,Pabay,01/02/2022,CAGTAGATATGGGCAATTTTTAGTTTACATTGTGCAGGTGCTTCATCTATTATGGGTGCCATAAATTTTATTACAACAATATTTAATATGAGAGCCCCTGGCTTGACTTTAGATAAGTTACCATTATTTGTTTGGTCAGTCTTAATTACTGCCTTTTTATTACTTTTATCTTTACCTGTGTTAGCTGGAGCTATTACGATGTTACTTACAGATAGAAATTTTAATACAACATTCTTTGATCCAGCAGGTGGAGGTGATCCAGTATTATACCAACATTTATTTTGATTCTTCGGCCATCCCGAAGTCTAAGGCAGAAAGATCGGAAGAGCACACGTCTGAACTC
"Diatoms (Biddulphia, Licmophora, Striatella, Leurosigma, Pseudonitzschia, Navicula)",Clytia hemisphaerica,Cnidaria,Hydrozoa,no,99.61%,1.00E-125,AY789902.1,627,Picture,,,,10944 - 10945,Pabay_NW_10/12/2021,Pabay,08/03/2022,TCTAGTATTAAAATTACGATCAGTTAGTAACATAGTAATAGCACCAGCTAAGACAGGAAGAGATAATAATAATAAAAAGGCTGTAACAAGAACAGACCAAACAAATAACCTAAGCCGGTCTAAAGTTATAGCAGGAGATCGCATATTGAAAATAGTAGTAATAAAATTAATAGCTCCTAATAAAGAAGATATACCAGCTAAATGAAGAGAAAAAATGGCTAAATCTACAGAACAACCTCCATGTCCTACAGCACCAGATAAGGGGG
Hydroid (Tubulariidae),Ectopleura larynx,Cnidaria,Hydrozoa,yes,100.00%,1.00E-139,JN109193.1,673,Picture,,,,10844 - 10845,Pabay_B_21/12/2021,Pabay,01/02/2022,GGTTGGGGAAATAATTGGGCCTAATATTTAGTCTTCACTGTGCAGGATTTTCTTCTATAGCAGGTGCTATAAATTTTATTACTACTATTTTTAATATGAGAGCGCCCGGTATATCTTTCGATAGACTCCCTTTATTCGTATGATCAGTTTTAATTACTGCTATTCTTCTTCTTCTTTCCTTACCAGTTCTGGCTGGAGCTATAACCATGCTTTTAACTGATAGAAATTTTAATACTACATTTTTTGATCCTGCAGGAGGCGGAGATCCTGTTCTATATCAACACTTATTTTGATTTTTCGGCCACCCCGAAGTCTAC
na,Obelia dichotoma,Cnidaria,Hydrozoa,na,99.67%,5.00E-155,MG791815.1,669,Picture,,,,10961 - 10963,Pabay_Mid_10/12/2021,Pabay,21/03/2022,TGGATTTTGTGATTTTTTCAATTCATGTTGCGGGGGCCTCTTCTATTGCTGGGGCTTTAAATTTCTTAACTACGGGGATTAATATGCGCTTAAAAACAATAGAATTAAAGCGAATGCCGTTATTTGTCTGGTCTATTTTAGTAACTGCTTTTTTACTTGTTTTAGCAATGCCTGTTTTAGCTGGTGCAGTTACAATACTTCTGAGAGATCGGCATTTTAATACAACTTTTTATGATCCTGCAGGAGGGGGAGACCCGGTCTTGTTTGTTCATTTATTTTGATTCTTTGGCCACCCCGAAGTCTAAGGCAGAAAGATCGGAAGAGCACACGTCT
Unidentified,Laminaria digitata,Gyrista,Phaeophyceae,no,99.60%,2.00E-122,KY572469.1,654,Picture,,,,10948 - 10949,Pabay_NW_10/12/2021,Pabay,08/03/2022,CCTAATGGATCAAAGAAGGAAGTGTTTAGGTTACGGTCTGTTAATAATATAGTGATTGCCCCGGCCAATACCGGGAGTGAGAGGAGAAGAAGAACTGCCGTAATAAAGACGGATCAAACAAATAAGGGTATACGGTCTAAAGTTATTCCTGCTGGGCGTATATTAATAATAGTAGAAATAAAATTAATGGCCCCTAAAATCGAGGAGGCACCTGCTAAATGGAGTGAAAAAATTGCTAGGTCAACGGCTCCACCTGGGTGGCCTAACCTCCTTCTTAAAGGAGG
Dendronotid sea slug (Doto),Doto coronata,Mollusca,Gastropoda,yes,99.62%,6.00E-133,PQ739651.1,618,Picture,,,,10691,Scalpay__16/6/2021,Scalpay,14/12/2021,TAAGGCAATTTTTTCACTCCATTTAGCAGGTGCCTCCTCGATTTTAGGGGCCATTAATTTTATTTCTACTATTATTAATATACGCCCAGCAGGAATAACTTTAGACCGTATACCCTTATTTGTTTGATCCGTCTTTATTACGGCAGTTCTTCTTCTCCTCTCACTCCCGGTATTGGCCGGGGCAATCACTATATTATTAACAGACCGTAACCTAAACACTTCCTTCTTTGATCCATTAGGTGGGGGGGATCCTATTCTATACCAACATTTATTCTGATTCTTCGGCCAtCCCGAAGTCTACGTACTAGAGATCGGAAGAGCACACGTCTGAACTCCAGTCA
Clam juvenile,Hiatella arctica,Mollusca,Bivalvia,yes,97.70%,6.00E-144,DQ632742.1,18244,Picture,,,,10834 - 10835,Pabay_A_21/12/2021,Pabay,01/02/2022,TTACGATCTGTCAATAACATTGTAATACCACCTGCCAAAACAGGAAGCGATAACAGTAACAAAAACGCTGTGATTAAGACAGACCATACAAAAAGAGGTACTCTATCCATTGTCATACCAGGAGTTCTCATATTAAAAATTGTTGTGATAAAATTTATAGCACCTAAAATAGAAGCAGCACCTGAGAGATGAAGACTGAATATAGCTAAATCAACAGAAGGCCCCGAGTGAGCCTGAATACCACTAA
Rhodophyta (Pterosiphonia spinifera),Pterothamnion plumula,Rhadophyta,Florideophycae,no,98.86%,9.00E-127,MN184244.1,664,Picture,,,,10825 - 10827,Pabay_A_21/12/2021,Pabay,01/02/2022,AGGTTTACATTTAGGCCTGGGAGCTTCATCTATTTTAGGCGCAATCAATTTTATTTCAACAATTACTAATATGCGTAATTCTGGACAAACTATGTACAGAATTCCATTGTTTGTTTGATCAATCTTAGTTACTGCGTTTTTACTTTTATTAGCAGTACCAGTTTTAGCTGGAGCAATAACTATGTTACTAACCGACAGGAATTTTAATACAACTTTTTTTGATCCTTCAGGAGGAGGAGATCCAATTTTATATCAACATTTATTTTGATTTTTCGGCCACCCCGAAGTCTACGTACTAGAGATCGGAAGAGCACACGTCTGAACTCCAGTCAC
Hydroid (with Licmophora attached),Bougainvillia muscus,,Hydrozoa,yes,99.41%,1.00E-79,PP909522.1,599,Picture,,,Picture,F,Pabay_3_30/7/22_1/2,,,GGATAGGATCTCCCCCTCCAGCTGGATCAAAGAAAGAAGTATTCAAATTACGATCCGTGAGAAGCATAGTAATAGCTCCTGCTAGTACAGGGAGAGAGAGTAATAATAATAAAGCTGTAATGAAAATTGATCAACAAAGCATTCTAATACGCTCAAAAGAAATCTTTCTATTACGCATGTTGGCAATTGTTGTTATAAAATTAATTGCTCCTAAAATAGAAGATACACCTGCAAGGTGGAGAGAGAAGATAGCTAAATCAACGGAAC-CT
Unidentified algae (with Licmophora attached),Bougainvillia muscus,,Hydrozoa,no,98.05%,1.00E-146,KT981907.1,847,Picture,,,Picture,C,Pabay_2_15/7/22,,,ATCCAACGCAAACAAACCCCGTA-GCCCA-T-A-GAGGATCCTCAGTGG--ATCTA-GCTATTTTTAGTCTTCATTTAGCTGGGATTTCTTCTATT
Amphipoda (Caprellidae),Caprella mutica,,Malacostraca,yes,100%,2.00E-138,PQ739367.1,610,Picture,,,Picture,D,Pabay_1_15/7/22_2/3,,,GCTCAAACTCATTCAGGAGGATCTGTCGATATGGCAATATTTAGTTTACATTGTGCAGGTGCTTCATCTATTATGGGAGCAATAAATTTTATTACTACTATTTTCAATATGAGAGCACCTGGATTAACTTTAGATAGATTACCATTATTTGTCTGATCTGTTTTAATAACAGCATTCTTGTTATTATTATCACTACCAGTTTTAGCAGGTGCAATAACTATGTTATTAACAGATAGAAATTTTAATACTACATTTTTTGATCCTGCAGGAGGAGGTGATCCTGTTTTATATCAACATCTATTTTGATTCTTCGGCCACCCCGAAGTCTATAGGCATGAGATCGGAAGAGCACACGTCTGAACTTCCAGTCACA
na,Obelia dichotoma / Obelia geniculata,Cnidaria,Hydrozoa,na,96.81% / 97.26%,5E-113 / 2E-98,MG791815.1 / AY530419.1,669 / 575,,,,Picture,A,Pabay_2_15/7/22_2/3,,,AGTCTACATTGAGCAGGTGCTTCATCTATTATGGGAGCAATAAATTTTATTACTACTATTTTCAATATGAGAGCACCTGGATTAACTTTAGATAGATTACCATTATTTGTCTGATCTGTTTTAATAACAGCATTCTTGCTATTATTATCACTACCAGTTTTAGCAGGGGCAATAACTATGTTATTAACAGACAGAAATTTTAATACTACATTTTTTGATCCAGCAGGAGGAGGGGATCCTGTT-TTATATCA
na,Obelia dichotoma / Obelia geniculata,Cnidaria,Hydrozoa,na,99.29% / 99.29%,1E-139 / 1E-139 ,PQ739339.1 / MG791815.1,658 / 669,,,,Picture,E,Pabay_3_15/7/22_1/2,,,-AAGACCTCAAA--CTCA-TT-CAGG-AGGATCT-GTCGAT-ATGGCAATATTTAGTTTACATTGT-GCAGGTGCTTCATCTATTATGGGAGCAATAAATTTTATTACTACTATTTTCAATATGAGAGCACCTGGATTAACTTTAGATAGATTACCATTATTTGTCTGATCTGTTTTAATAACAGCATTCTTGTTATTATTATCACTACCAGTTTTAGCAGGTGCAATAACTATGTTATTAACAGATAGAAATTTTAATACTACATTTTTTGATCCTGCAGGAGGAGGTGAT----------------------------------------------------------------------------------------------
