"","AphiaID","url","scientificname","authority","status","unacceptreason","taxonRankID","rank","valid_AphiaID","valid_name","valid_authority","parentNameUsageID","kingdom","phylum","class","order","family","genus","citation","lsid","isMarine","isBrackish","isFreshwater","isTerrestrial","isExtinct","match_type","modified"
"1",148948,"https://www.marinespecies.org/aphia.php?p=taxdetails&id=148948","Actinoptychus senarius","(Ehrenberg) Ehrenberg, 1843","unassessed",NA,220,"Species",162810,"Actinocyclus senarius","Ehrenberg, 1838",148947,"Chromista","Heterokontophyta","Bacillariophyceae","Coscinodiscales","Heliopeltaceae","Actinoptychus","Kociolek, J.P.; Blanco, S.; Coste, M.; Ector, L.; Liu, Y.; Karthick, B.; Kulikovskiy, M.; Lundholm, N.; Ludwig, T.; Potapova, M.; Rimet, F.; Sabbe, K.; Sala, S.; Sar, E.; Taylor, J.; Van de Vijver, B.; Wetzel, C.E.; Williams, D.M.; Witkowski, A.; Witkowski, J. (2025). DiatomBase. Actinoptychus senarius (Ehrenberg) Ehrenberg, 1843. Accessed through: World Register of Marine Species at: https://www.marinespecies.org/aphia.php?p=taxdetails&id=148948 on 2025-04-30","urn:lsid:marinespecies.org:taxname:148948",1,NA,0,0,NA,"like","2018-02-01T09:09:54.613Z"
"2",109470,"https://www.marinespecies.org/aphia.php?p=taxdetails&id=109470","Alexandrium","Halim, 1960","accepted",NA,180,"Genus",109470,"Alexandrium","Halim, 1960",1734175,"Chromista","Myzozoa","Dinophyceae","Gonyaulacales","Pyrocystaceae","Alexandrium","Guiry, M.D. & Guiry, G.M. (2025). AlgaeBase. World-wide electronic publication, National University of Ireland, Galway (taxonomic information republished from AlgaeBase with permission of M.D. Guiry). Alexandrium Halim, 1960. Accessed through: World Register of Marine Species at: https://www.marinespecies.org/aphia.php?p=taxdetails&id=109470 on 2025-04-30","urn:lsid:marinespecies.org:taxname:109470",1,NA,NA,NA,NA,"like","2024-02-26T09:29:42.253Z"
"3",149149,"https://www.marinespecies.org/aphia.php?p=taxdetails&id=149149","Bacillaria paxillifer","(O.F.Müller) T.Marsson, 1901","unassessed",NA,220,"Species",558243,"Bacillaria paxillifera","(O.F.Müller) T.Marsson, 1901",149148,"Chromista","Heterokontophyta","Bacillariophyceae","Bacillariales","Bacillariaceae","Bacillaria","Kociolek, J.P.; Blanco, S.; Coste, M.; Ector, L.; Liu, Y.; Karthick, B.; Kulikovskiy, M.; Lundholm, N.; Ludwig, T.; Potapova, M.; Rimet, F.; Sabbe, K.; Sala, S.; Sar, E.; Taylor, J.; Van de Vijver, B.; Wetzel, C.E.; Williams, D.M.; Witkowski, A.; Witkowski, J. (2025). DiatomBase. Bacillaria paxillifer (O.F.Müller) T.Marsson, 1901. Accessed through: World Register of Marine Species at: https://www.marinespecies.org/aphia.php?p=taxdetails&id=149149 on 2025-04-30","urn:lsid:marinespecies.org:taxname:149149",1,NA,NA,NA,NA,"like","2018-02-01T09:09:54.613Z"
"4",109506,"https://www.marinespecies.org/aphia.php?p=taxdetails&id=109506","Ceratium","F.Schrank, 1793","accepted",NA,180,"Genus",109506,"Ceratium","F.Schrank, 1793",109421,"Chromista","Myzozoa","Dinophyceae","Gonyaulacales","Ceratiaceae","Ceratium","Guiry, M.D. & Guiry, G.M. (2025). AlgaeBase. World-wide electronic publication, National University of Ireland, Galway (taxonomic information republished from AlgaeBase with permission of M.D. Guiry). Ceratium F.Schrank, 1793. Accessed through: World Register of Marine Species at: https://www.marinespecies.org/aphia.php?p=taxdetails&id=109506 on 2025-04-30","urn:lsid:marinespecies.org:taxname:109506",1,NA,1,NA,NA,"like","2021-06-03T10:59:58.167Z"
"5",109951,"https://www.marinespecies.org/aphia.php?p=taxdetails&id=109951","Ceratium fusus","(Ehrenberg) Dujardin, 1841","unaccepted",NA,220,"Species",840626,"Tripos fusus","(Ehrenberg) F.Gómez, 2013",109506,"Chromista","Myzozoa","Dinophyceae","Gonyaulacales","Ceratiaceae","Ceratium","Guiry, M.D. & Guiry, G.M. (2025). AlgaeBase. World-wide electronic publication, National University of Ireland, Galway (taxonomic information republished from AlgaeBase with permission of M.D. Guiry). Ceratium fusus (Ehrenberg) Dujardin, 1841. Accessed through: World Register of Marine Species at: https://www.marinespecies.org/aphia.php?p=taxdetails&id=109951 on 2025-04-30","urn:lsid:marinespecies.org:taxname:109951",1,NA,NA,NA,NA,"like","2019-10-04T07:04:14.930Z"
"6",109963,"https://www.marinespecies.org/aphia.php?p=taxdetails&id=109963","Ceratium lineatum","(Ehrenberg) Cleve, 1899","unaccepted",NA,220,"Species",837459,"Tripos lineatus","(Ehrenberg) F.Gómez, 2013",109506,"Chromista","Myzozoa","Dinophyceae","Gonyaulacales","Ceratiaceae","Ceratium","Guiry, M.D. & Guiry, G.M. (2025). AlgaeBase. World-wide electronic publication, National University of Ireland, Galway (taxonomic information republished from AlgaeBase with permission of M.D. Guiry). Ceratium lineatum (Ehrenberg) Cleve, 1899. Accessed through: World Register of Marine Species at: https://www.marinespecies.org/aphia.php?p=taxdetails&id=109963 on 2025-04-30","urn:lsid:marinespecies.org:taxname:109963",1,NA,NA,0,NA,"like","2015-06-26T12:00:51.270Z"
"7",109982,"https://www.marinespecies.org/aphia.php?p=taxdetails&id=109982","Ceratium tripos","(O.F.Müller) Nitzsch, 1817","unaccepted",NA,220,"Species",495363,"Tripos muelleri","Bory de Saint-Vincent, 1826",109506,"Chromista","Myzozoa","Dinophyceae","Gonyaulacales","Ceratiaceae","Ceratium","Guiry, M.D. & Guiry, G.M. (2025). AlgaeBase. World-wide electronic publication, National University of Ireland, Galway (taxonomic information republished from AlgaeBase with permission of M.D. Guiry). Ceratium tripos (O.F.Müller) Nitzsch, 1817. Accessed through: World Register of Marine Species at: https://www.marinespecies.org/aphia.php?p=taxdetails&id=109982 on 2025-04-30","urn:lsid:marinespecies.org:taxname:109982",1,0,1,NA,NA,"like","2019-10-04T07:04:14.930Z"
"8",839164,"https://www.marinespecies.org/aphia.php?p=taxdetails&id=839164","Ceratoperidinium falcatum","(Kofoid & Swezy) Reñé & Salas, 2013","unaccepted",NA,220,"Species",1474876,"Pseliodinium fusus","(F.Schütt) F.Gómez, 2018",109508,"Chromista","Myzozoa","Dinophyceae","Gymnodiniales","Warnowiaceae","Ceratoperidinium","Guiry, M.D. & Guiry, G.M. (2025). AlgaeBase. World-wide electronic publication, National University of Ireland, Galway (taxonomic information republished from AlgaeBase with permission of M.D. Guiry). Ceratoperidinium falcatum (Kofoid & Swezy) Reñé & Salas, 2013. Accessed through: World Register of Marine Species at: https://www.marinespecies.org/aphia.php?p=taxdetails&id=839164 on 2025-04-30","urn:lsid:marinespecies.org:taxname:839164",1,NA,NA,NA,NA,"like","2021-01-06T14:01:20.493Z"
"9",149221,"https://www.marinespecies.org/aphia.php?p=taxdetails&id=149221","Chaetoceros curvisetus","Cleve, 1889","accepted",NA,220,"Species",149221,"Chaetoceros curvisetus","Cleve, 1889",148985,"Chromista","Heterokontophyta","Bacillariophyceae","Chaetocerotanae incertae sedis","Chaetocerotaceae","Chaetoceros","Kociolek, J.P.; Blanco, S.; Coste, M.; Ector, L.; Liu, Y.; Karthick, B.; Kulikovskiy, M.; Lundholm, N.; Ludwig, T.; Potapova, M.; Rimet, F.; Sabbe, K.; Sala, S.; Sar, E.; Taylor, J.; Van de Vijver, B.; Wetzel, C.E.; Williams, D.M.; Witkowski, A.; Witkowski, J. (2025). DiatomBase. Chaetoceros curvisetus Cleve, 1889. Accessed through: World Register of Marine Species at: https://www.marinespecies.org/aphia.php?p=taxdetails&id=149221 on 2025-04-30","urn:lsid:marinespecies.org:taxname:149221",1,NA,NA,0,0,"like","2008-03-27T13:16:17.603Z"
"10",149122,"https://www.marinespecies.org/aphia.php?p=taxdetails&id=149122","Chaetoceros didymus","Ehrenberg, 1845","accepted",NA,220,"Species",149122,"Chaetoceros didymus","Ehrenberg, 1845",148985,"Chromista","Heterokontophyta","Bacillariophyceae","Chaetocerotanae incertae sedis","Chaetocerotaceae","Chaetoceros","Kociolek, J.P.; Blanco, S.; Coste, M.; Ector, L.; Liu, Y.; Karthick, B.; Kulikovskiy, M.; Lundholm, N.; Ludwig, T.; Potapova, M.; Rimet, F.; Sabbe, K.; Sala, S.; Sar, E.; Taylor, J.; Van de Vijver, B.; Wetzel, C.E.; Williams, D.M.; Witkowski, A.; Witkowski, J. (2025). DiatomBase. Chaetoceros didymus Ehrenberg, 1845. Accessed through: World Register of Marine Species at: https://www.marinespecies.org/aphia.php?p=taxdetails&id=149122 on 2025-04-30","urn:lsid:marinespecies.org:taxname:149122",1,NA,NA,0,0,"like","2005-07-05T10:00:05.587Z"
"11",163055,"https://www.marinespecies.org/aphia.php?p=taxdetails&id=163055","Chaetoceros protuberans","Lauder, 1864","unassessed",NA,220,"Species",163055,"Chaetoceros protuberans","Lauder, 1864",148985,"Chromista","Heterokontophyta","Bacillariophyceae","Chaetocerotanae incertae sedis","Chaetocerotaceae","Chaetoceros","Kociolek, J.P.; Blanco, S.; Coste, M.; Ector, L.; Liu, Y.; Karthick, B.; Kulikovskiy, M.; Lundholm, N.; Ludwig, T.; Potapova, M.; Rimet, F.; Sabbe, K.; Sala, S.; Sar, E.; Taylor, J.; Van de Vijver, B.; Wetzel, C.E.; Williams, D.M.; Witkowski, A.; Witkowski, J. (2025). DiatomBase. Chaetoceros protuberans Lauder, 1864. Accessed through: World Register of Marine Species at: https://www.marinespecies.org/aphia.php?p=taxdetails&id=163055 on 2025-04-30","urn:lsid:marinespecies.org:taxname:163055",1,NA,NA,0,0,"like","2018-01-31T09:33:29.450Z"
"12",149158,"https://www.marinespecies.org/aphia.php?p=taxdetails&id=149158","Coscinodiscus radiatus","Ehrenberg, 1840","unassessed",NA,220,"Species",149158,"Coscinodiscus radiatus","Ehrenberg, 1840",148917,"Chromista","Heterokontophyta","Bacillariophyceae","Coscinodiscales","Coscinodiscaceae","Coscinodiscus","Kociolek, J.P.; Blanco, S.; Coste, M.; Ector, L.; Liu, Y.; Karthick, B.; Kulikovskiy, M.; Lundholm, N.; Ludwig, T.; Potapova, M.; Rimet, F.; Sabbe, K.; Sala, S.; Sar, E.; Taylor, J.; Van de Vijver, B.; Wetzel, C.E.; Williams, D.M.; Witkowski, A.; Witkowski, J. (2025). DiatomBase. Coscinodiscus radiatus Ehrenberg, 1840. Accessed through: World Register of Marine Species at: https://www.marinespecies.org/aphia.php?p=taxdetails&id=149158 on 2025-04-30","urn:lsid:marinespecies.org:taxname:149158",1,NA,NA,0,NA,"like","2018-01-31T09:33:29.450Z"
"13",163932,"https://www.marinespecies.org/aphia.php?p=taxdetails&id=163932","Ceratoneis closterium","Ehrenberg, 1839","unassessed",NA,220,"Species",163932,"Ceratoneis closterium","Ehrenberg, 1839",163931,"Chromista","Heterokontophyta","Bacillariophyceae","Fragilariales","Fragilariaceae","Ceratoneis","Kociolek, J.P.; Blanco, S.; Coste, M.; Ector, L.; Liu, Y.; Karthick, B.; Kulikovskiy, M.; Lundholm, N.; Ludwig, T.; Potapova, M.; Rimet, F.; Sabbe, K.; Sala, S.; Sar, E.; Taylor, J.; Van de Vijver, B.; Wetzel, C.E.; Williams, D.M.; Witkowski, A.; Witkowski, J. (2025). DiatomBase. Ceratoneis closterium Ehrenberg, 1839. Accessed through: World Register of Marine Species at: https://www.marinespecies.org/aphia.php?p=taxdetails&id=163932 on 2025-04-30","urn:lsid:marinespecies.org:taxname:163932",1,NA,NA,NA,NA,"like","2018-01-31T09:33:29.450Z"
"14",149647,"https://www.marinespecies.org/aphia.php?p=taxdetails&id=149647","Detonula pumila","(Castracane) Gran, 1900","unassessed",NA,220,"Species",163226,"Lauderia pumila","Castracane, 1886",149285,"Chromista","Heterokontophyta","Bacillariophyceae","Thalassiosirales","Skeletonemaceae","Detonula","Kociolek, J.P.; Blanco, S.; Coste, M.; Ector, L.; Liu, Y.; Karthick, B.; Kulikovskiy, M.; Lundholm, N.; Ludwig, T.; Potapova, M.; Rimet, F.; Sabbe, K.; Sala, S.; Sar, E.; Taylor, J.; Van de Vijver, B.; Wetzel, C.E.; Williams, D.M.; Witkowski, A.; Witkowski, J. (2025). DiatomBase. Detonula pumila (Castracane) Gran, 1900. Accessed through: World Register of Marine Species at: https://www.marinespecies.org/aphia.php?p=taxdetails&id=149647 on 2025-04-30","urn:lsid:marinespecies.org:taxname:149647",1,NA,NA,0,0,"like","2018-02-01T09:09:54.613Z"
"15",157258,"https://www.marinespecies.org/aphia.php?p=taxdetails&id=157258","Dictyocha","Ehrenberg, 1837","accepted",NA,180,"Genus",157258,"Dictyocha","Ehrenberg, 1837",157257,"Chromista","Ochrophyta","Dictyochophyceae","Dictyochales","Dictyochaceae","Dictyocha","Guiry, M.D. & Guiry, G.M. (2025). AlgaeBase. World-wide electronic publication, National University of Ireland, Galway (taxonomic information republished from AlgaeBase with permission of M.D. Guiry). Dictyocha Ehrenberg, 1837. Accessed through: World Register of Marine Species at: https://www.marinespecies.org/aphia.php?p=taxdetails&id=157258 on 2025-04-30","urn:lsid:marinespecies.org:taxname:157258",1,NA,NA,NA,NA,"like","2010-08-12T12:41:00.430Z"
"16",157463,"https://www.marinespecies.org/aphia.php?p=taxdetails&id=157463","Dictyocha fibula","Ehrenberg, 1839","accepted",NA,220,"Species",157463,"Dictyocha fibula","Ehrenberg, 1839",157258,"Chromista","Ochrophyta","Dictyochophyceae","Dictyochales","Dictyochaceae","Dictyocha","Guiry, M.D. & Guiry, G.M. (2025). AlgaeBase. World-wide electronic publication, National University of Ireland, Galway (taxonomic information republished from AlgaeBase with permission of M.D. Guiry). Dictyocha fibula Ehrenberg, 1839. Accessed through: World Register of Marine Species at: https://www.marinespecies.org/aphia.php?p=taxdetails&id=157463 on 2025-04-30","urn:lsid:marinespecies.org:taxname:157463",1,NA,NA,NA,0,"like","2024-07-23T12:06:38.003Z"
"17",109604,"https://www.marinespecies.org/aphia.php?p=taxdetails&id=109604","Dinophysis acuta","Ehrenberg, 1839","accepted",NA,220,"Species",109604,"Dinophysis acuta","Ehrenberg, 1839",109462,"Chromista","Myzozoa","Dinophyceae","Dinophysales","Dinophysaceae","Dinophysis","Guiry, M.D. & Guiry, G.M. (2025). AlgaeBase. World-wide electronic publication, National University of Ireland, Galway (taxonomic information republished from AlgaeBase with permission of M.D. Guiry). Dinophysis acuta Ehrenberg, 1839. Accessed through: World Register of Marine Species at: https://www.marinespecies.org/aphia.php?p=taxdetails&id=109604 on 2025-04-30","urn:lsid:marinespecies.org:taxname:109604",1,NA,0,0,NA,"like","2015-06-26T12:00:51.270Z"
"18",149018,"https://www.marinespecies.org/aphia.php?p=taxdetails&id=149018","Diploneis","(C. G. Ehrenberg) P.T. Cleve, 1894","accepted",NA,180,"Genus",149018,"Diploneis","(C. G. Ehrenberg) P.T. Cleve, 1894",149017,"Chromista","Heterokontophyta","Bacillariophyceae","Naviculales","Diploneidaceae","Diploneis","Kociolek, J.P.; Blanco, S.; Coste, M.; Ector, L.; Liu, Y.; Karthick, B.; Kulikovskiy, M.; Lundholm, N.; Ludwig, T.; Potapova, M.; Rimet, F.; Sabbe, K.; Sala, S.; Sar, E.; Taylor, J.; Van de Vijver, B.; Wetzel, C.E.; Williams, D.M.; Witkowski, A.; Witkowski, J. (2025). DiatomBase. Diploneis (C. G. Ehrenberg) P.T. Cleve, 1894. Accessed through: World Register of Marine Species at: https://www.marinespecies.org/aphia.php?p=taxdetails&id=149018 on 2025-04-30","urn:lsid:marinespecies.org:taxname:149018",1,1,1,1,0,"like","2017-12-31T19:09:33.520Z"
"19",157428,"https://www.marinespecies.org/aphia.php?p=taxdetails&id=157428","Entomoneis alata","(Ehrenberg) Ehrenberg, 1845","accepted",NA,220,"Species",157428,"Entomoneis alata","(Ehrenberg) Ehrenberg, 1845",156598,"Chromista","Heterokontophyta","Bacillariophyceae","Surirellales","Entomoneidaceae","Entomoneis","Kociolek, J.P.; Blanco, S.; Coste, M.; Ector, L.; Liu, Y.; Karthick, B.; Kulikovskiy, M.; Lundholm, N.; Ludwig, T.; Potapova, M.; Rimet, F.; Sabbe, K.; Sala, S.; Sar, E.; Taylor, J.; Van de Vijver, B.; Wetzel, C.E.; Williams, D.M.; Witkowski, A.; Witkowski, J. (2025). DiatomBase. <i>Entomoneis alata</i> (Ehrenberg) Ehrenberg, 1845. Accessed through: World Register of Marine Species at: https://www.marinespecies.org/aphia.php?p=taxdetails&id=157428 on 2025-04-30","urn:lsid:marinespecies.org:taxname:157428",0,0,1,0,NA,"replaced","2018-08-31 06:38:39.810"
"20",149131,"https://www.marinespecies.org/aphia.php?p=taxdetails&id=149131","Eucampia zodiacus","Ehrenberg, 1839","unassessed",NA,220,"Species",149131,"Eucampia zodiacus","Ehrenberg, 1839",149130,"Chromista","Heterokontophyta","Bacillariophyceae","Hemiaulales","Hemiaulaceae","Eucampia","Kociolek, J.P.; Blanco, S.; Coste, M.; Ector, L.; Liu, Y.; Karthick, B.; Kulikovskiy, M.; Lundholm, N.; Ludwig, T.; Potapova, M.; Rimet, F.; Sabbe, K.; Sala, S.; Sar, E.; Taylor, J.; Van de Vijver, B.; Wetzel, C.E.; Williams, D.M.; Witkowski, A.; Witkowski, J. (2025). DiatomBase. Eucampia zodiacus Ehrenberg, 1839. Accessed through: World Register of Marine Species at: https://www.marinespecies.org/aphia.php?p=taxdetails&id=149131 on 2025-04-30","urn:lsid:marinespecies.org:taxname:149131",1,NA,0,0,0,"like","2018-01-31T09:33:29.450Z"
"21",845296,"https://www.marinespecies.org/aphia.php?p=taxdetails&id=845296","Gonyaulax spinifera","Murray & Whitting, 1899","unaccepted",NA,220,"Species",233509,"Gonyaulax ceratocoroides","Kofoid, 1910",109519,"Chromista","Myzozoa","Dinophyceae","Gonyaulacales","Gonyaulacaceae","Gonyaulax","Guiry, M.D. & Guiry, G.M. (2025). AlgaeBase. World-wide electronic publication, National University of Ireland, Galway (taxonomic information republished from AlgaeBase with permission of M.D. Guiry). Gonyaulax spinifera Murray & Whitting, 1899. Accessed through: World Register of Marine Species at: https://www.marinespecies.org/aphia.php?p=taxdetails&id=845296 on 2025-04-30","urn:lsid:marinespecies.org:taxname:845296",1,NA,NA,NA,NA,"like","2015-06-26T12:00:51.270Z"
"22",149338,"https://www.marinespecies.org/aphia.php?p=taxdetails&id=149338","Grammatophora marina","(Lyngbye) Kützing, 1844","accepted",NA,220,"Species",149338,"Grammatophora marina","(Lyngbye) Kützing, 1844",149335,"Chromista","Heterokontophyta","Bacillariophyceae","Striatellales","Striatellaceae","Grammatophora","Kociolek, J.P.; Blanco, S.; Coste, M.; Ector, L.; Liu, Y.; Karthick, B.; Kulikovskiy, M.; Lundholm, N.; Ludwig, T.; Potapova, M.; Rimet, F.; Sabbe, K.; Sala, S.; Sar, E.; Taylor, J.; Van de Vijver, B.; Wetzel, C.E.; Williams, D.M.; Witkowski, A.; Witkowski, J. (2025). DiatomBase. Grammatophora marina (Lyngbye) Kützing, 1844. Accessed through: World Register of Marine Species at: https://www.marinespecies.org/aphia.php?p=taxdetails&id=149338 on 2025-04-30","urn:lsid:marinespecies.org:taxname:149338",1,0,1,0,0,"like","2005-07-12T07:24:36.383Z"
"23",149132,"https://www.marinespecies.org/aphia.php?p=taxdetails&id=149132","Guinardia flaccida","(Castracane) H.Peragallo, 1892","unassessed",NA,220,"Species",160530,"Rhizosolenia flaccida","Castracane, 1886",149111,"Chromista","Heterokontophyta","Bacillariophyceae","Rhizosoleniales","Rhizosoleniaceae","Guinardia","Kociolek, J.P.; Blanco, S.; Coste, M.; Ector, L.; Liu, Y.; Karthick, B.; Kulikovskiy, M.; Lundholm, N.; Ludwig, T.; Potapova, M.; Rimet, F.; Sabbe, K.; Sala, S.; Sar, E.; Taylor, J.; Van de Vijver, B.; Wetzel, C.E.; Williams, D.M.; Witkowski, A.; Witkowski, J. (2025). DiatomBase. Guinardia flaccida (Castracane) H.Peragallo, 1892. Accessed through: World Register of Marine Species at: https://www.marinespecies.org/aphia.php?p=taxdetails&id=149132 on 2025-04-30","urn:lsid:marinespecies.org:taxname:149132",1,NA,NA,0,0,"like","2018-02-01T09:09:54.613Z"
"24",109856,"https://www.marinespecies.org/aphia.php?p=taxdetails&id=109856","Gyrodinium fusiforme","Kofoid & Swezy, 1921","accepted",NA,220,"Species",109856,"Gyrodinium fusiforme","Kofoid & Swezy, 1921",109476,"Chromista","Myzozoa","Dinophyceae","Gymnodiniales","Gyrodiniaceae","Gyrodinium","Guiry, M.D. & Guiry, G.M. (2025). AlgaeBase. World-wide electronic publication, National University of Ireland, Galway (taxonomic information republished from AlgaeBase with permission of M.D. Guiry). Gyrodinium fusiforme Kofoid & Swezy, 1921. Accessed through: World Register of Marine Species at: https://www.marinespecies.org/aphia.php?p=taxdetails&id=109856 on 2025-04-30","urn:lsid:marinespecies.org:taxname:109856",1,NA,NA,NA,NA,"like","2015-06-26T12:00:51.270Z"
"25",149033,"https://www.marinespecies.org/aphia.php?p=taxdetails&id=149033","Gyrosigma","A.H. Hassall, 1845","accepted",NA,180,"Genus",149033,"Gyrosigma","A.H. Hassall, 1845",149032,"Chromista","Heterokontophyta","Bacillariophyceae","Naviculales","Pleurosigmataceae","Gyrosigma","Kociolek, J.P.; Blanco, S.; Coste, M.; Ector, L.; Liu, Y.; Karthick, B.; Kulikovskiy, M.; Lundholm, N.; Ludwig, T.; Potapova, M.; Rimet, F.; Sabbe, K.; Sala, S.; Sar, E.; Taylor, J.; Van de Vijver, B.; Wetzel, C.E.; Williams, D.M.; Witkowski, A.; Witkowski, J. (2025). DiatomBase. Gyrosigma A.H. Hassall, 1845. Accessed through: World Register of Marine Species at: https://www.marinespecies.org/aphia.php?p=taxdetails&id=149033 on 2025-04-30","urn:lsid:marinespecies.org:taxname:149033",1,1,1,NA,0,"like","2020-11-17T01:48:39.263Z"
"26",149342,"https://www.marinespecies.org/aphia.php?p=taxdetails&id=149342","Licmophora","C.A. Agardh, 1827","accepted",NA,180,"Genus",149342,"Licmophora","C.A. Agardh, 1827",149341,"Chromista","Heterokontophyta","Bacillariophyceae","Licmophorales","Licmophoraceae","Licmophora","Kociolek, J.P.; Blanco, S.; Coste, M.; Ector, L.; Liu, Y.; Karthick, B.; Kulikovskiy, M.; Lundholm, N.; Ludwig, T.; Potapova, M.; Rimet, F.; Sabbe, K.; Sala, S.; Sar, E.; Taylor, J.; Van de Vijver, B.; Wetzel, C.E.; Williams, D.M.; Witkowski, A.; Witkowski, J. (2025). DiatomBase. Licmophora C.A. Agardh, 1827. Accessed through: World Register of Marine Species at: https://www.marinespecies.org/aphia.php?p=taxdetails&id=149342 on 2025-04-30","urn:lsid:marinespecies.org:taxname:149342",1,NA,1,0,0,"like","2017-02-23T10:36:53.780Z"
"27",149045,"https://www.marinespecies.org/aphia.php?p=taxdetails&id=149045","Nitzschia","A.H. Hassall, 1845","accepted",NA,180,"Genus",149045,"Nitzschia","A.H. Hassall, 1845",149002,"Chromista","Heterokontophyta","Bacillariophyceae","Bacillariales","Bacillariaceae","Nitzschia","Kociolek, J.P.; Blanco, S.; Coste, M.; Ector, L.; Liu, Y.; Karthick, B.; Kulikovskiy, M.; Lundholm, N.; Ludwig, T.; Potapova, M.; Rimet, F.; Sabbe, K.; Sala, S.; Sar, E.; Taylor, J.; Van de Vijver, B.; Wetzel, C.E.; Williams, D.M.; Witkowski, A.; Witkowski, J. (2025). DiatomBase. Nitzschia A.H. Hassall, 1845. Accessed through: World Register of Marine Species at: https://www.marinespecies.org/aphia.php?p=taxdetails&id=149045 on 2025-04-30","urn:lsid:marinespecies.org:taxname:149045",1,1,1,1,NA,"like","2017-09-26T00:23:13.050Z"
"28",149055,"https://www.marinespecies.org/aphia.php?p=taxdetails&id=149055","Paralia sulcata","(Ehrenberg) Cleve, 1873","accepted",NA,220,"Species",149055,"Paralia sulcata","(Ehrenberg) Cleve, 1873",149054,"Chromista","Heterokontophyta","Bacillariophyceae","Paraliales","Paraliaceae","Paralia","Kociolek, J.P.; Blanco, S.; Coste, M.; Ector, L.; Liu, Y.; Karthick, B.; Kulikovskiy, M.; Lundholm, N.; Ludwig, T.; Potapova, M.; Rimet, F.; Sabbe, K.; Sala, S.; Sar, E.; Taylor, J.; Van de Vijver, B.; Wetzel, C.E.; Williams, D.M.; Witkowski, A.; Witkowski, J. (2025). DiatomBase. Paralia sulcata (Ehrenberg) Cleve, 1873. Accessed through: World Register of Marine Species at: https://www.marinespecies.org/aphia.php?p=taxdetails&id=149055 on 2025-04-30","urn:lsid:marinespecies.org:taxname:149055",1,0,1,0,NA,"like","2005-07-06T06:51:39.650Z"
"29",669461,"https://www.marinespecies.org/aphia.php?p=taxdetails&id=669461","Pleurosigma spectabile","Grunow, 1891","unassessed",NA,220,"Species",669461,"Pleurosigma spectabile","Grunow, 1891",149181,"Chromista","Heterokontophyta","Bacillariophyceae","Naviculales","Pleurosigmataceae","Pleurosigma","Kociolek, J.P.; Blanco, S.; Coste, M.; Ector, L.; Liu, Y.; Karthick, B.; Kulikovskiy, M.; Lundholm, N.; Ludwig, T.; Potapova, M.; Rimet, F.; Sabbe, K.; Sala, S.; Sar, E.; Taylor, J.; Van de Vijver, B.; Wetzel, C.E.; Williams, D.M.; Witkowski, A.; Witkowski, J. (2025). DiatomBase. Pleurosigma spectabile Grunow, 1891. Accessed through: World Register of Marine Species at: https://www.marinespecies.org/aphia.php?p=taxdetails&id=669461 on 2025-04-30","urn:lsid:marinespecies.org:taxname:669461",1,NA,NA,NA,NA,"like","2018-01-31T09:33:29.450Z"
"30",110303,"https://www.marinespecies.org/aphia.php?p=taxdetails&id=110303","Prorocentrum micans","Ehrenberg, 1834","accepted",NA,220,"Species",110303,"Prorocentrum micans","Ehrenberg, 1834",109566,"Chromista","Myzozoa","Dinophyceae","Prorocentrales","Prorocentraceae","Prorocentrum","Guiry, M.D. & Guiry, G.M. (2025). AlgaeBase. World-wide electronic publication, National University of Ireland, Galway (taxonomic information republished from AlgaeBase with permission of M.D. Guiry). Prorocentrum micans Ehrenberg, 1834. Accessed through: World Register of Marine Species at: https://www.marinespecies.org/aphia.php?p=taxdetails&id=110303 on 2025-04-30","urn:lsid:marinespecies.org:taxname:110303",1,1,0,0,NA,"like","2015-06-26T12:00:51.270Z"
"31",109553,"https://www.marinespecies.org/aphia.php?p=taxdetails&id=109553","Protoperidinium","Bergh, 1881","accepted",NA,180,"Genus",109553,"Protoperidinium","Bergh, 1881",109435,"Chromista","Myzozoa","Dinophyceae","Peridiniales","Protoperidiniaceae","Protoperidinium","Guiry, M.D. & Guiry, G.M. (2025). AlgaeBase. World-wide electronic publication, National University of Ireland, Galway (taxonomic information republished from AlgaeBase with permission of M.D. Guiry). Protoperidinium Bergh, 1881. Accessed through: World Register of Marine Species at: https://www.marinespecies.org/aphia.php?p=taxdetails&id=109553 on 2025-04-30","urn:lsid:marinespecies.org:taxname:109553",1,1,1,0,NA,"like","2019-02-15T10:19:43.730Z"
"32",110257,"https://www.marinespecies.org/aphia.php?p=taxdetails&id=110257","Protoperidinium steinii","(Jørgensen, 1899) Balech, 1974","accepted",NA,220,"Species",110257,"Protoperidinium steinii","(Jørgensen, 1899) Balech, 1974",109553,"Chromista","Myzozoa","Dinophyceae","Peridiniales","Protoperidiniaceae","Protoperidinium","Guiry, M.D. & Guiry, G.M. (2025). AlgaeBase. World-wide electronic publication, National University of Ireland, Galway (taxonomic information republished from AlgaeBase with permission of M.D. Guiry). Protoperidinium steinii (Jørgensen, 1899) Balech, 1974. Accessed through: World Register of Marine Species at: https://www.marinespecies.org/aphia.php?p=taxdetails&id=110257 on 2025-04-30","urn:lsid:marinespecies.org:taxname:110257",1,NA,NA,0,NA,"like","2015-06-26T12:00:51.270Z"
"33",149069,"https://www.marinespecies.org/aphia.php?p=taxdetails&id=149069","Rhizosolenia","T. Brightwell, 1858","accepted",NA,180,"Genus",149069,"Rhizosolenia","T. Brightwell, 1858",149068,"Chromista","Heterokontophyta","Bacillariophyceae","Rhizosoleniales","Rhizosoleniaceae","Rhizosolenia","Kociolek, J.P.; Blanco, S.; Coste, M.; Ector, L.; Liu, Y.; Karthick, B.; Kulikovskiy, M.; Lundholm, N.; Ludwig, T.; Potapova, M.; Rimet, F.; Sabbe, K.; Sala, S.; Sar, E.; Taylor, J.; Van de Vijver, B.; Wetzel, C.E.; Williams, D.M.; Witkowski, A.; Witkowski, J. (2025). DiatomBase. Rhizosolenia T. Brightwell, 1858. Accessed through: World Register of Marine Species at: https://www.marinespecies.org/aphia.php?p=taxdetails&id=149069 on 2025-04-30","urn:lsid:marinespecies.org:taxname:149069",1,1,1,NA,NA,"like","2017-02-23T10:36:53.780Z"
"34",149629,"https://www.marinespecies.org/aphia.php?p=taxdetails&id=149629","Rhizosolenia styliformis","T.Brightwell, 1858","accepted",NA,220,"Species",149629,"Rhizosolenia styliformis","T.Brightwell, 1858",149069,"Chromista","Heterokontophyta","Bacillariophyceae","Rhizosoleniales","Rhizosoleniaceae","Rhizosolenia","Kociolek, J.P.; Blanco, S.; Coste, M.; Ector, L.; Liu, Y.; Karthick, B.; Kulikovskiy, M.; Lundholm, N.; Ludwig, T.; Potapova, M.; Rimet, F.; Sabbe, K.; Sala, S.; Sar, E.; Taylor, J.; Van de Vijver, B.; Wetzel, C.E.; Williams, D.M.; Witkowski, A.; Witkowski, J. (2025). DiatomBase. Rhizosolenia styliformis T.Brightwell, 1858. Accessed through: World Register of Marine Species at: https://www.marinespecies.org/aphia.php?p=taxdetails&id=149629 on 2025-04-30","urn:lsid:marinespecies.org:taxname:149629",1,NA,NA,NA,NA,"like","2008-10-11T21:07:20.847Z"
"35",148912,"https://www.marinespecies.org/aphia.php?p=taxdetails&id=148912","Thalassiosira","P.T. Cleve, 1873 emend. Hasle, 1973","accepted",NA,180,"Genus",148912,"Thalassiosira","P.T. Cleve, 1873 emend. Hasle, 1973",148904,"Chromista","Heterokontophyta","Bacillariophyceae","Thalassiosirales","Thalassiosiraceae","Thalassiosira","Kociolek, J.P.; Blanco, S.; Coste, M.; Ector, L.; Liu, Y.; Karthick, B.; Kulikovskiy, M.; Lundholm, N.; Ludwig, T.; Potapova, M.; Rimet, F.; Sabbe, K.; Sala, S.; Sar, E.; Taylor, J.; Van de Vijver, B.; Wetzel, C.E.; Williams, D.M.; Witkowski, A.; Witkowski, J. (2025). DiatomBase. Thalassiosira P.T. Cleve, 1873 emend. Hasle, 1973. Accessed through: World Register of Marine Species at: https://www.marinespecies.org/aphia.php?p=taxdetails&id=148912 on 2025-04-30","urn:lsid:marinespecies.org:taxname:148912",1,1,1,0,0,"like","2018-01-02T17:46:52.927Z"
"36",148922,"https://www.marinespecies.org/aphia.php?p=taxdetails&id=148922","Thalassiosira eccentrica","(Ehrenberg) Cleve, 1904","unassessed",NA,220,"Species",148922,"Thalassiosira eccentrica","(Ehrenberg) Cleve, 1904",148912,"Chromista","Heterokontophyta","Bacillariophyceae","Thalassiosirales","Thalassiosiraceae","Thalassiosira","Kociolek, J.P.; Blanco, S.; Coste, M.; Ector, L.; Liu, Y.; Karthick, B.; Kulikovskiy, M.; Lundholm, N.; Ludwig, T.; Potapova, M.; Rimet, F.; Sabbe, K.; Sala, S.; Sar, E.; Taylor, J.; Van de Vijver, B.; Wetzel, C.E.; Williams, D.M.; Witkowski, A.; Witkowski, J. (2025). DiatomBase. Thalassiosira eccentrica (Ehrenberg) Cleve, 1904. Accessed through: World Register of Marine Species at: https://www.marinespecies.org/aphia.php?p=taxdetails&id=148922 on 2025-04-30","urn:lsid:marinespecies.org:taxname:148922",1,NA,NA,0,0,"like","2018-01-31T09:33:29.450Z"
"37",1135,"https://www.marinespecies.org/aphia.php?p=taxdetails&id=1135","Amphipoda","Latreille, 1816","accepted",NA,100,"Order",1135,"Amphipoda","Latreille, 1816",1090,"Animalia","Arthropoda","Malacostraca","Amphipoda",NA,NA,"Horton, T.; Lowry, J.; De Broyer, C.; Bellan-Santini, D.; Copilaş-Ciocianu, D.; Corbari, L.; Costello, M.J.; Daneliya, M.; Dauvin, J.-C.; Fišer, C.; Gasca, R.; Grabowski, M.; Guerra-García, J.M.; Hendrycks, E.; Hughes, L.; Jaume, D.; Jazdzewski, K.; Kim, Y.-H.; King, R.; Krapp-Schickel, T.; LeCroy, S.; Lörz, A.-N.; Mamos, T.; Senna, A.R.; Serejo, C.; Souza-Filho, J.F.; Tandberg, A.H.; Thomas, J.D.; Thurston, M.; Vader, W.; Väinölä, R.; Valls Domedel, G.; Vonk, R.; White, K.; Zeidler, W. (2025). World Amphipoda Database. Amphipoda. Accessed through: World Register of Marine Species at: https://www.marinespecies.org/aphia.php?p=taxdetails&id=1135 on 2025-04-30","urn:lsid:marinespecies.org:taxname:1135",1,1,1,1,0,"like","2018-01-23T09:06:43.690Z"
"38",146421,"https://www.marinespecies.org/aphia.php?p=taxdetails&id=146421","Appendicularia",NA,"accepted",NA,60,"Class",146421,"Appendicularia",NA,146420,"Animalia","Chordata","Appendicularia",NA,NA,NA,"Garic, R. (2025). World List of Appendicularia. Appendicularia. Accessed through: World Register of Marine Species at: https://www.marinespecies.org/aphia.php?p=taxdetails&id=146421 on 2025-04-30","urn:lsid:marinespecies.org:taxname:146421",1,1,0,0,NA,"like","2016-02-17T08:38:10.427Z"
"39",105,"https://www.marinespecies.org/aphia.php?p=taxdetails&id=105","Bivalvia","Linnaeus, 1758","accepted",NA,60,"Class",105,"Bivalvia","Linnaeus, 1758",51,"Animalia","Mollusca","Bivalvia",NA,NA,NA,"WoRMS (2025). Bivalvia. Accessed at: https://www.marinespecies.org/aphia.php?p=taxdetails&id=105 on 2025-04-30","urn:lsid:marinespecies.org:taxname:105",1,1,1,0,0,"like","2019-08-08T17:02:58.460Z"
"40",117030,"https://www.marinespecies.org/aphia.php?p=taxdetails&id=117030","Clytia","Lamouroux, 1812","accepted",NA,180,"Genus",117030,"Clytia","Lamouroux, 1812",1606,"Animalia","Cnidaria","Hydrozoa","Leptothecata","Campanulariidae","Clytia","Schuchert, P.; Choong, H.; Galea, H.; Hoeksema, B.; Lindsay, D.; Mańko, M.; Pica, D. (2025). World Hydrozoa Database. Clytia Lamouroux, 1812. Accessed through: World Register of Marine Species at: https://www.marinespecies.org/aphia.php?p=taxdetails&id=117030 on 2025-04-30","urn:lsid:marinespecies.org:taxname:117030",1,NA,0,0,0,"like","2017-04-21T11:48:53.023Z"
"41",106267,"https://www.marinespecies.org/aphia.php?p=taxdetails&id=106267","Evadne","Lovén, 1836","accepted",NA,180,"Genus",106267,"Evadne","Lovén, 1836",106264,"Animalia","Arthropoda","Branchiopoda","Onychopoda","Podonidae","Evadne","WoRMS (2025). Evadne Lovén, 1836. Accessed at: https://www.marinespecies.org/aphia.php?p=taxdetails&id=106267 on 2025-04-30","urn:lsid:marinespecies.org:taxname:106267",1,1,1,0,NA,"like","2009-08-24T12:47:42.090Z"
"42",101,"https://www.marinespecies.org/aphia.php?p=taxdetails&id=101","Gastropoda","Cuvier, 1795","accepted",NA,60,"Class",101,"Gastropoda","Cuvier, 1795",51,"Animalia","Mollusca","Gastropoda",NA,NA,NA,"WoRMS (2025). Gastropoda. Accessed at: https://www.marinespecies.org/aphia.php?p=taxdetails&id=101 on 2025-04-30","urn:lsid:marinespecies.org:taxname:101",1,1,1,1,NA,"like","2009-03-17T08:27:08.607Z"
"43",117345,"https://www.marinespecies.org/aphia.php?p=taxdetails&id=117345","Lizzia blondina","Forbes, 1848","accepted",NA,220,"Species",117345,"Lizzia blondina","Forbes, 1848",117021,"Animalia","Cnidaria","Hydrozoa","Anthoathecata","Rathkeidae","Lizzia","Schuchert, P.; Choong, H.; Galea, H.; Hoeksema, B.; Lindsay, D.; Mańko, M.; Pica, D. (2025). World Hydrozoa Database. Lizzia blondina Forbes, 1848. Accessed through: World Register of Marine Species at: https://www.marinespecies.org/aphia.php?p=taxdetails&id=117345 on 2025-04-30","urn:lsid:marinespecies.org:taxname:117345",1,0,0,0,0,"like","2025-02-01T09:46:37.200Z"
"44",106269,"https://www.marinespecies.org/aphia.php?p=taxdetails&id=106269","Podon","Lilljeborg, 1853","accepted",NA,180,"Genus",106269,"Podon","Lilljeborg, 1853",106264,"Animalia","Arthropoda","Branchiopoda","Onychopoda","Podonidae","Podon","WoRMS (2025). Podon Lilljeborg, 1853. Accessed at: https://www.marinespecies.org/aphia.php?p=taxdetails&id=106269 on 2025-04-30","urn:lsid:marinespecies.org:taxname:106269",1,1,0,0,NA,"like","2010-09-23T08:24:22.450Z"
"45",117848,"https://www.marinespecies.org/aphia.php?p=taxdetails&id=117848","Rathkea octopunctata","(M. Sars, 1835)","accepted",NA,220,"Species",117848,"Rathkea octopunctata","(M. Sars, 1835)",117211,"Animalia","Cnidaria","Hydrozoa","Anthoathecata","Rathkeidae","Rathkea","Schuchert, P.; Choong, H.; Galea, H.; Hoeksema, B.; Lindsay, D.; Mańko, M.; Pica, D. (2025). World Hydrozoa Database. Rathkea octopunctata (M. Sars, 1835). Accessed through: World Register of Marine Species at: https://www.marinespecies.org/aphia.php?p=taxdetails&id=117848 on 2025-04-30","urn:lsid:marinespecies.org:taxname:117848",1,1,0,0,0,"like","2013-03-08T08:04:23.827Z"
"46",979,"https://www.marinespecies.org/aphia.php?p=taxdetails&id=979","Sabellariidae","Johnston, 1865","accepted",NA,140,"Family",979,"Sabellariidae","Johnston, 1865",154974,"Animalia","Annelida","Polychaeta",NA,"Sabellariidae",NA,"Read, G.; Fauchald, K. (Ed.) (2025). World Polychaeta Database. Sabellariidae Johnston, 1865. Accessed through: World Register of Marine Species at: https://www.marinespecies.org/aphia.php?p=taxdetails&id=979 on 2025-04-30","urn:lsid:marinespecies.org:taxname:979",1,0,0,0,0,"like","2017-04-11T23:11:34.790Z"
"47",105410,"https://www.marinespecies.org/aphia.php?p=taxdetails&id=105410","Sagitta","Quoy & Gaimard, 1827","accepted",NA,180,"Genus",105410,"Sagitta","Quoy & Gaimard, 1827",5953,"Animalia","Chaetognatha","Sagittoidea","Aphragmophora","Sagittidae","Sagitta","WoRMS (2025). Sagitta Quoy & Gaimard, 1827. Accessed at: https://www.marinespecies.org/aphia.php?p=taxdetails&id=105410 on 2025-04-30","urn:lsid:marinespecies.org:taxname:105410",1,NA,0,0,NA,"like","2016-03-29T10:55:42.970Z"
"48",1371,"https://www.marinespecies.org/aphia.php?p=taxdetails&id=1371","Siphonophorae","Eschscholtz, 1829","accepted",NA,100,"Order",1371,"Siphonophorae","Eschscholtz, 1829",19494,"Animalia","Cnidaria","Hydrozoa","Siphonophorae",NA,NA,"Schuchert, P.; Choong, H.; Galea, H.; Hoeksema, B.; Lindsay, D.; Mańko, M.; Pica, D. (2025). World Hydrozoa Database. Siphonophorae. Accessed through: World Register of Marine Species at: https://www.marinespecies.org/aphia.php?p=taxdetails&id=1371 on 2025-04-30","urn:lsid:marinespecies.org:taxname:1371",1,0,0,0,NA,"like","2017-11-13T07:28:09.813Z"
"49",117947,"https://www.marinespecies.org/aphia.php?p=taxdetails&id=117947","Solmaris corona","(Keferstein & Ehlers, 1861)","accepted",NA,220,"Species",117947,"Solmaris corona","(Keferstein & Ehlers, 1861)",117239,"Animalia","Cnidaria","Hydrozoa","Narcomedusae","Solmarisidae","Solmaris","Schuchert, P.; Choong, H.; Galea, H.; Hoeksema, B.; Lindsay, D.; Mańko, M.; Pica, D. (2025). World Hydrozoa Database. Solmaris corona (Keferstein & Ehlers, 1861). Accessed through: World Register of Marine Species at: https://www.marinespecies.org/aphia.php?p=taxdetails&id=117947 on 2025-04-30","urn:lsid:marinespecies.org:taxname:117947",1,0,0,0,0,"like","2016-09-01T14:43:02.957Z"
"50",889,"https://www.marinespecies.org/aphia.php?p=taxdetails&id=889","Spionida","sensu Rouse & Fauchald, 1997","accepted",NA,100,"Order",889,"Spionida","sensu Rouse & Fauchald, 1997",154974,"Animalia","Annelida","Polychaeta","Spionida",NA,NA,"Read, G.; Fauchald, K. (Ed.) (2025). World Polychaeta Database. Spionida. Accessed through: World Register of Marine Species at: https://www.marinespecies.org/aphia.php?p=taxdetails&id=889 on 2025-04-30","urn:lsid:marinespecies.org:taxname:889",1,0,0,0,0,"like","2010-03-03T00:50:30.050Z"
"51",565161,"https://www.marinespecies.org/aphia.php?p=taxdetails&id=565161","Stauridiosarsia gemmifera","(Forbes, 1848)","accepted",NA,220,"Species",565161,"Stauridiosarsia gemmifera","(Forbes, 1848)",254367,"Animalia","Cnidaria","Hydrozoa","Anthoathecata","Corynidae","Stauridiosarsia","Schuchert, P.; Choong, H.; Galea, H.; Hoeksema, B.; Lindsay, D.; Mańko, M.; Pica, D. (2025). World Hydrozoa Database. Stauridiosarsia gemmifera (Forbes, 1848). Accessed through: World Register of Marine Species at: https://www.marinespecies.org/aphia.php?p=taxdetails&id=565161 on 2025-04-30","urn:lsid:marinespecies.org:taxname:565161",1,0,0,0,0,"like","2024-12-19T19:38:34.910Z"
"52",1484,"https://www.marinespecies.org/aphia.php?p=taxdetails&id=1484","Halacaridae","Murray, 1877","accepted",NA,140,"Family",1484,"Halacaridae","Murray, 1877",292685,"Animalia","Arthropoda","Arachnida","Trombidiformes","Halacaridae",NA,"WoRMS (2025). Halacaridae Murray, 1877. Accessed at: https://www.marinespecies.org/aphia.php?p=taxdetails&id=1484 on 2025-04-30","urn:lsid:marinespecies.org:taxname:1484",1,1,1,0,NA,"like","2019-05-24T09:35:49.910Z"
"53",1065,"https://www.marinespecies.org/aphia.php?p=taxdetails&id=1065","Arthropoda","Gravenhorst, 1843","accepted",NA,30,"Phylum",1065,"Arthropoda","Gravenhorst, 1843",2,"Animalia","Arthropoda",NA,NA,NA,NA,"WoRMS (2025). Arthropoda. Accessed at: https://www.marinespecies.org/aphia.php?p=taxdetails&id=1065 on 2025-04-30","urn:lsid:marinespecies.org:taxname:1065",1,1,1,1,NA,"like","2024-03-27T12:50:57.237Z"
"54",101361,"https://www.marinespecies.org/aphia.php?p=taxdetails&id=101361","Caprellidae","Leach, 1814","accepted",NA,140,"Family",101361,"Caprellidae","Leach, 1814",196121,"Animalia","Arthropoda","Malacostraca","Amphipoda","Caprellidae",NA,"Horton, T.; Lowry, J.; De Broyer, C.; Bellan-Santini, D.; Copilaş-Ciocianu, D.; Corbari, L.; Costello, M.J.; Daneliya, M.; Dauvin, J.-C.; Fišer, C.; Gasca, R.; Grabowski, M.; Guerra-García, J.M.; Hendrycks, E.; Hughes, L.; Jaume, D.; Jazdzewski, K.; Kim, Y.-H.; King, R.; Krapp-Schickel, T.; LeCroy, S.; Lörz, A.-N.; Mamos, T.; Senna, A.R.; Serejo, C.; Souza-Filho, J.F.; Tandberg, A.H.; Thomas, J.D.; Thurston, M.; Vader, W.; Väinölä, R.; Valls Domedel, G.; Vonk, R.; White, K.; Zeidler, W. (2025). World Amphipoda Database. Caprellidae Leach, 1814. Accessed through: World Register of Marine Species at: https://www.marinespecies.org/aphia.php?p=taxdetails&id=101361 on 2025-04-30","urn:lsid:marinespecies.org:taxname:101361",1,0,0,0,NA,"like","2019-09-26T07:55:20.480Z"
"55",101383,"https://www.marinespecies.org/aphia.php?p=taxdetails&id=101383","Gammaridae","Latreille, 1802","accepted",NA,140,"Family",101383,"Gammaridae","Latreille, 1802",720708,"Animalia","Arthropoda","Malacostraca","Amphipoda","Gammaridae",NA,"Horton, T.; Lowry, J.; De Broyer, C.; Bellan-Santini, D.; Copilaş-Ciocianu, D.; Corbari, L.; Costello, M.J.; Daneliya, M.; Dauvin, J.-C.; Fišer, C.; Gasca, R.; Grabowski, M.; Guerra-García, J.M.; Hendrycks, E.; Hughes, L.; Jaume, D.; Jazdzewski, K.; Kim, Y.-H.; King, R.; Krapp-Schickel, T.; LeCroy, S.; Lörz, A.-N.; Mamos, T.; Senna, A.R.; Serejo, C.; Souza-Filho, J.F.; Tandberg, A.H.; Thomas, J.D.; Thurston, M.; Vader, W.; Väinölä, R.; Valls Domedel, G.; Vonk, R.; White, K.; Zeidler, W. (2025). World Amphipoda Database. Gammaridae Latreille, 1802. Accessed through: World Register of Marine Species at: https://www.marinespecies.org/aphia.php?p=taxdetails&id=101383 on 2025-04-30","urn:lsid:marinespecies.org:taxname:101383",1,1,1,NA,NA,"like","2022-11-24T19:16:47.537Z"
"56",101571,"https://www.marinespecies.org/aphia.php?p=taxdetails&id=101571","Jassa","Leach, 1814","accepted",NA,180,"Genus",101571,"Jassa","Leach, 1814",491676,"Animalia","Arthropoda","Malacostraca","Amphipoda","Ischyroceridae","Jassa","Horton, T.; Lowry, J.; De Broyer, C.; Bellan-Santini, D.; Copilaş-Ciocianu, D.; Corbari, L.; Costello, M.J.; Daneliya, M.; Dauvin, J.-C.; Fišer, C.; Gasca, R.; Grabowski, M.; Guerra-García, J.M.; Hendrycks, E.; Hughes, L.; Jaume, D.; Jazdzewski, K.; Kim, Y.-H.; King, R.; Krapp-Schickel, T.; LeCroy, S.; Lörz, A.-N.; Mamos, T.; Senna, A.R.; Serejo, C.; Souza-Filho, J.F.; Tandberg, A.H.; Thomas, J.D.; Thurston, M.; Vader, W.; Väinölä, R.; Valls Domedel, G.; Vonk, R.; White, K.; Zeidler, W. (2025). World Amphipoda Database. Jassa Leach, 1814. Accessed through: World Register of Marine Species at: https://www.marinespecies.org/aphia.php?p=taxdetails&id=101571 on 2025-04-30","urn:lsid:marinespecies.org:taxname:101571",1,0,0,0,0,"like","2021-03-17T11:42:54.283Z"
"57",123080,"https://www.marinespecies.org/aphia.php?p=taxdetails&id=123080","Asteroidea","de Blainville, 1830","accepted",NA,60,"Class",123080,"Asteroidea","de Blainville, 1830",148743,"Animalia","Echinodermata","Asteroidea",NA,NA,NA,"WoRMS (2025). Asteroidea. Accessed at: https://www.marinespecies.org/aphia.php?p=taxdetails&id=123080 on 2025-04-30","urn:lsid:marinespecies.org:taxname:123080",1,0,0,0,0,"like","2009-06-22T07:47:14.980Z"
"58",137735,"https://www.marinespecies.org/aphia.php?p=taxdetails&id=137735","Cerastoderma","Poli, 1795","accepted",NA,180,"Genus",137735,"Cerastoderma","Poli, 1795",1496553,"Animalia","Mollusca","Bivalvia","Cardiida","Cardiidae","Cerastoderma","MolluscaBase eds. (2025). MolluscaBase. Cerastoderma Poli, 1795. Accessed through: World Register of Marine Species at: https://www.marinespecies.org/aphia.php?p=taxdetails&id=137735 on 2025-04-30","urn:lsid:marinespecies.org:taxname:137735",1,1,NA,0,0,"like","2021-09-24T05:52:39.897Z"
"59",138228,"https://www.marinespecies.org/aphia.php?p=taxdetails&id=138228","Mytilus","Linnaeus, 1758","accepted",NA,180,"Genus",138228,"Mytilus","Linnaeus, 1758",224589,"Animalia","Mollusca","Bivalvia","Mytilida","Mytilidae","Mytilus","MolluscaBase eds. (2025). MolluscaBase. Mytilus Linnaeus, 1758. Accessed through: World Register of Marine Species at: https://www.marinespecies.org/aphia.php?p=taxdetails&id=138228 on 2025-04-30","urn:lsid:marinespecies.org:taxname:138228",1,NA,NA,NA,0,"like","2018-09-01T07:44:44Z"
"60",138298,"https://www.marinespecies.org/aphia.php?p=taxdetails&id=138298","Ostrea","Linnaeus, 1758","accepted",NA,180,"Genus",138298,"Ostrea","Linnaeus, 1758",510735,"Animalia","Mollusca","Bivalvia","Ostreida","Ostreidae","Ostrea","MolluscaBase eds. (2025). MolluscaBase. Ostrea Linnaeus, 1758. Accessed through: World Register of Marine Species at: https://www.marinespecies.org/aphia.php?p=taxdetails&id=138298 on 2025-04-30","urn:lsid:marinespecies.org:taxname:138298",1,NA,NA,NA,NA,"like","2017-09-25T08:59:00.343Z"
"61",138323,"https://www.marinespecies.org/aphia.php?p=taxdetails&id=138323","Pecten","O. F. Müller, 1776","accepted",NA,180,"Genus",138323,"Pecten","O. F. Müller, 1776",393858,"Animalia","Mollusca","Bivalvia","Pectinida","Pectinidae","Pecten","MolluscaBase eds. (2025). MolluscaBase. Pecten O. F. Müller, 1776. Accessed through: World Register of Marine Species at: https://www.marinespecies.org/aphia.php?p=taxdetails&id=138323 on 2025-04-30","urn:lsid:marinespecies.org:taxname:138323",1,0,0,0,0,"like","2019-11-15T16:45:32.920Z"
"62",1082,"https://www.marinespecies.org/aphia.php?p=taxdetails&id=1082","Cirripedia","Burmeister, 1834","accepted",NA,70,"Subclass",1082,"Cirripedia","Burmeister, 1834",22388,"Animalia","Arthropoda","Thecostraca",NA,NA,NA,"Boyko, C.B. (2025). World List of Rhizocephala. Cirripedia. Accessed through: World Register of Marine Species at: https://www.marinespecies.org/aphia.php?p=taxdetails&id=1082 on 2025-04-30","urn:lsid:marinespecies.org:taxname:1082",1,1,1,NA,0,"like","2021-04-27T12:51:47.073Z"
"63",1080,"https://www.marinespecies.org/aphia.php?p=taxdetails&id=1080","Copepoda","Milne Edwards, 1840","accepted",NA,60,"Class",1080,"Copepoda","Milne Edwards, 1840",845959,"Animalia","Arthropoda","Copepoda",NA,NA,NA,"WoRMS (2025). Copepoda. Accessed at: https://www.marinespecies.org/aphia.php?p=taxdetails&id=1080 on 2025-04-30","urn:lsid:marinespecies.org:taxname:1080",1,1,1,1,NA,"like","2022-05-16T08:06:50.067Z"
"64",1102,"https://www.marinespecies.org/aphia.php?p=taxdetails&id=1102","Harpacticoida","Sars G.O., 1903","accepted",NA,100,"Order",1102,"Harpacticoida","Sars G.O., 1903",155879,"Animalia","Arthropoda","Copepoda","Harpacticoida",NA,NA,"WoRMS (2025). Harpacticoida. Accessed at: https://www.marinespecies.org/aphia.php?p=taxdetails&id=1102 on 2025-04-30","urn:lsid:marinespecies.org:taxname:1102",1,1,1,1,0,"like","2019-10-22T14:05:15.047Z"
"65",101489,"https://www.marinespecies.org/aphia.php?p=taxdetails&id=101489","Corophium","Latreille, 1806","accepted",NA,180,"Genus",101489,"Corophium","Latreille, 1806",431323,"Animalia","Arthropoda","Malacostraca","Amphipoda","Corophiidae","Corophium","Horton, T.; Lowry, J.; De Broyer, C.; Bellan-Santini, D.; Copilaş-Ciocianu, D.; Corbari, L.; Costello, M.J.; Daneliya, M.; Dauvin, J.-C.; Fišer, C.; Gasca, R.; Grabowski, M.; Guerra-García, J.M.; Hendrycks, E.; Hughes, L.; Jaume, D.; Jazdzewski, K.; Kim, Y.-H.; King, R.; Krapp-Schickel, T.; LeCroy, S.; Lörz, A.-N.; Mamos, T.; Senna, A.R.; Serejo, C.; Souza-Filho, J.F.; Tandberg, A.H.; Thomas, J.D.; Thurston, M.; Vader, W.; Väinölä, R.; Valls Domedel, G.; Vonk, R.; White, K.; Zeidler, W. (2025). World Amphipoda Database. Corophium Latreille, 1806. Accessed through: World Register of Marine Species at: https://www.marinespecies.org/aphia.php?p=taxdetails&id=101489 on 2025-04-30","urn:lsid:marinespecies.org:taxname:101489",1,NA,NA,NA,NA,"like","2017-09-26T18:19:25.773Z"
"66",1137,"https://www.marinespecies.org/aphia.php?p=taxdetails&id=1137","Cumacea","Krøyer, 1846","accepted",NA,100,"Order",1137,"Cumacea","Krøyer, 1846",1090,"Animalia","Arthropoda","Malacostraca","Cumacea",NA,NA,"Watling, L.; Gerken, S. (2025). World Cumacea Database. Cumacea. Accessed through: World Register of Marine Species at: https://www.marinespecies.org/aphia.php?p=taxdetails&id=1137 on 2025-04-30","urn:lsid:marinespecies.org:taxname:1137",1,1,1,0,NA,"like","2004-12-21T15:54:05.437Z"
"67",107276,"https://www.marinespecies.org/aphia.php?p=taxdetails&id=107276","Cancer pagurus","Linnaeus, 1758","accepted",NA,220,"Species",107276,"Cancer pagurus","Linnaeus, 1758",106876,"Animalia","Arthropoda","Malacostraca","Decapoda","Cancridae","Cancer","DecaNet eds. (2025). DecaNet. Cancer pagurus Linnaeus, 1758. Accessed through: World Register of Marine Species at: https://www.marinespecies.org/aphia.php?p=taxdetails&id=107276 on 2025-04-30","urn:lsid:marinespecies.org:taxname:107276",1,0,0,0,0,"like","2024-01-11T17:05:08.940Z"
"68",106673,"https://www.marinespecies.org/aphia.php?p=taxdetails&id=106673","Brachyura","Latreille, 1802","accepted",NA,120,"Infraorder",106673,"Brachyura","Latreille, 1802",106670,"Animalia","Arthropoda","Malacostraca","Decapoda",NA,NA,"WoRMS (2025). Brachyura. Accessed at: https://www.marinespecies.org/aphia.php?p=taxdetails&id=106673 on 2025-04-30","urn:lsid:marinespecies.org:taxname:106673",1,1,1,1,0,"like","2023-03-07T10:29:38.563Z"
"69",186,"https://www.marinespecies.org/aphia.php?p=taxdetails&id=186","Dendronotidae","Allman, 1845","accepted",NA,140,"Family",186,"Dendronotidae","Allman, 1845",182,"Animalia","Mollusca","Gastropoda","Nudibranchia","Dendronotidae",NA,"MolluscaBase eds. (2025). MolluscaBase. Dendronotidae Allman, 1845. Accessed through: World Register of Marine Species at: https://www.marinespecies.org/aphia.php?p=taxdetails&id=186 on 2025-04-30","urn:lsid:marinespecies.org:taxname:186",1,NA,NA,NA,NA,"like","2017-10-30T23:19:26.800Z"
"70",123082,"https://www.marinespecies.org/aphia.php?p=taxdetails&id=123082","Echinoidea","Schumacher, 1817","accepted",NA,60,"Class",123082,"Echinoidea","Schumacher, 1817",148744,"Animalia","Echinodermata","Echinoidea",NA,NA,NA,"WoRMS (2025). Echinoidea. Accessed at: https://www.marinespecies.org/aphia.php?p=taxdetails&id=123082 on 2025-04-30","urn:lsid:marinespecies.org:taxname:123082",1,0,0,0,0,"like","2022-09-06T06:38:36.173Z"
"71",1128,"https://www.marinespecies.org/aphia.php?p=taxdetails&id=1128","Euphausiacea","Dana, 1852","accepted",NA,100,"Order",1128,"Euphausiacea","Dana, 1852",1089,"Animalia","Arthropoda","Malacostraca","Euphausiacea",NA,NA,"Siegel, V.; De Grave, S. (Ed) (2025). World Euphausiacea Database. Euphausiacea. Accessed through: World Register of Marine Species at: https://www.marinespecies.org/aphia.php?p=taxdetails&id=1128 on 2025-04-30","urn:lsid:marinespecies.org:taxname:1128",1,NA,NA,NA,NA,"like","2018-12-03T11:52:55.670Z"
"72",101,"https://www.marinespecies.org/aphia.php?p=taxdetails&id=101","Gastropoda","Cuvier, 1795","accepted",NA,60,"Class",101,"Gastropoda","Cuvier, 1795",51,"Animalia","Mollusca","Gastropoda",NA,NA,NA,"WoRMS (2025). Gastropoda. Accessed at: https://www.marinespecies.org/aphia.php?p=taxdetails&id=101 on 2025-04-30","urn:lsid:marinespecies.org:taxname:101",1,1,1,1,NA,"like","2009-03-17T08:27:08.607Z"
"73",138590,"https://www.marinespecies.org/aphia.php?p=taxdetails&id=138590","Gibbula","Risso, 1826","accepted",NA,180,"Genus",138590,"Gibbula","Risso, 1826",382171,"Animalia","Mollusca","Gastropoda","Trochida","Trochidae","Gibbula","MolluscaBase eds. (2025). MolluscaBase. Gibbula Risso, 1826. Accessed through: World Register of Marine Species at: https://www.marinespecies.org/aphia.php?p=taxdetails&id=138590 on 2025-04-30","urn:lsid:marinespecies.org:taxname:138590",1,NA,NA,NA,NA,"like","2015-07-17T20:58:41.670Z"
"74",138099,"https://www.marinespecies.org/aphia.php?p=taxdetails&id=138099","Lacuna","W. Turton, 1827","accepted",NA,180,"Genus",138099,"Lacuna","W. Turton, 1827",1735,"Animalia","Mollusca","Gastropoda","Littorinimorpha","Littorinidae","Lacuna","MolluscaBase eds. (2025). MolluscaBase. Lacuna W. Turton, 1827. Accessed through: World Register of Marine Species at: https://www.marinespecies.org/aphia.php?p=taxdetails&id=138099 on 2025-04-30","urn:lsid:marinespecies.org:taxname:138099",1,NA,0,0,0,"like","2022-09-04T05:23:40.470Z"
"75",138456,"https://www.marinespecies.org/aphia.php?p=taxdetails&id=138456","Rissoa","Desmarest, 1814","accepted",NA,180,"Genus",138456,"Rissoa","Desmarest, 1814",123,"Animalia","Mollusca","Gastropoda","Littorinimorpha","Rissoidae","Rissoa","MolluscaBase eds. (2025). MolluscaBase. Rissoa Desmarest, 1814. Accessed through: World Register of Marine Species at: https://www.marinespecies.org/aphia.php?p=taxdetails&id=138456 on 2025-04-30","urn:lsid:marinespecies.org:taxname:138456",1,NA,NA,NA,NA,"like","2018-01-23T17:20:39.330Z"
"76",138312,"https://www.marinespecies.org/aphia.php?p=taxdetails&id=138312","Patella","Linnaeus, 1758","accepted",NA,180,"Genus",138312,"Patella","Linnaeus, 1758",113,"Animalia","Mollusca","Gastropoda",NA,"Patellidae","Patella","WoRMS (2025). Patella Linnaeus, 1758. Accessed at: https://www.marinespecies.org/aphia.php?p=taxdetails&id=138312 on 2025-04-30","urn:lsid:marinespecies.org:taxname:138312",1,NA,0,0,0,"like","2025-04-08T12:15:46.223Z"
"77",1131,"https://www.marinespecies.org/aphia.php?p=taxdetails&id=1131","Isopoda","Latreille, 1816","accepted",NA,100,"Order",1131,"Isopoda","Latreille, 1816",1090,"Animalia","Arthropoda","Malacostraca","Isopoda",NA,NA,"WoRMS (2025). Isopoda. Accessed at: https://www.marinespecies.org/aphia.php?p=taxdetails&id=1131 on 2025-04-30","urn:lsid:marinespecies.org:taxname:1131",1,1,1,1,0,"like","2022-10-20T02:25:09.690Z"
"78",118283,"https://www.marinespecies.org/aphia.php?p=taxdetails&id=118283","Idoteidae","Samouelle, 1819","accepted",NA,140,"Family",118283,"Idoteidae","Samouelle, 1819",13800,"Animalia","Arthropoda","Malacostraca","Isopoda","Idoteidae",NA,"Boyko, C.B.; Hadfield, K.A.; Merrin, K.L.; Ota, Y.; Poore, G.C.B. (Eds) (2025). World Marine, Freshwater and Terrestrial Isopod Crustaceans database. Idoteidae Samouelle, 1819. Accessed through: World Register of Marine Species at: https://www.marinespecies.org/aphia.php?p=taxdetails&id=118283 on 2025-04-30","urn:lsid:marinespecies.org:taxname:118283",1,0,1,0,NA,"like","2024-02-29T13:24:44.560Z"
"79",118258,"https://www.marinespecies.org/aphia.php?p=taxdetails&id=118258","Janiridae","G. O. Sars, 1897","accepted",NA,140,"Family",118258,"Janiridae","G. O. Sars, 1897",155716,"Animalia","Arthropoda","Malacostraca","Isopoda","Janiridae",NA,"Boyko, C.B.; Hadfield, K.A.; Merrin, K.L.; Ota, Y.; Poore, G.C.B. (Eds) (2025). World Marine, Freshwater and Terrestrial Isopod Crustaceans database. Janiridae G. O. Sars, 1897. Accessed through: World Register of Marine Species at: https://www.marinespecies.org/aphia.php?p=taxdetails&id=118258 on 2025-04-30","urn:lsid:marinespecies.org:taxname:118258",1,0,1,0,NA,"like","2024-02-29T13:24:44.560Z"
"80",149668,"https://www.marinespecies.org/aphia.php?p=taxdetails&id=149668","Mysida","Boas, 1883","accepted",NA,100,"Order",149668,"Mysida","Boas, 1883",1090,"Animalia","Arthropoda","Malacostraca","Mysida",NA,NA,"WoRMS (2025). Mysida. Accessed at: https://www.marinespecies.org/aphia.php?p=taxdetails&id=149668 on 2025-04-30","urn:lsid:marinespecies.org:taxname:149668",1,1,1,NA,NA,"like","2014-05-22T07:31:09.077Z"
"81",152391,"https://www.marinespecies.org/aphia.php?p=taxdetails&id=152391","Nemertea",NA,"accepted",NA,30,"Phylum",152391,"Nemertea",NA,2,"Animalia","Nemertea",NA,NA,NA,NA,"WoRMS (2025). Nemertea. Accessed at: https://www.marinespecies.org/aphia.php?p=taxdetails&id=152391 on 2025-04-30","urn:lsid:marinespecies.org:taxname:152391",1,1,1,1,0,"like","2020-08-07T14:08:48.800Z"
"82",122379,"https://www.marinespecies.org/aphia.php?p=taxdetails&id=122379","Cephalothrix","Örsted, 1843","accepted",NA,180,"Genus",122379,"Cephalothrix","Örsted, 1843",766122,"Animalia","Nemertea","Palaeonemertea","Archinemertea","Cephalotrichidae","Cephalothrix","Norenburg, J.; Chernyshev, A.; Kajihara, H.; Maslakova, S. (2025). World Nemertea Database. Cephalothrix Örsted, 1843. Accessed through: World Register of Marine Species at: https://www.marinespecies.org/aphia.php?p=taxdetails&id=122379 on 2025-04-30","urn:lsid:marinespecies.org:taxname:122379",1,NA,0,0,0,"like","2024-12-27T12:00:54.587Z"
"83",1078,"https://www.marinespecies.org/aphia.php?p=taxdetails&id=1078","Ostracoda","Latreille, 1802","accepted",NA,60,"Class",1078,"Ostracoda","Latreille, 1802",845957,"Animalia","Arthropoda","Ostracoda",NA,NA,NA,"WoRMS (2025). Ostracoda. Accessed at: https://www.marinespecies.org/aphia.php?p=taxdetails&id=1078 on 2025-04-30","urn:lsid:marinespecies.org:taxname:1078",1,1,1,1,0,"like","2016-05-19T09:31:12.140Z"
"84",892,"https://www.marinespecies.org/aphia.php?p=taxdetails&id=892","Phyllodocida","Dales, 1962","accepted",NA,100,"Order",892,"Phyllodocida","Dales, 1962",754174,"Animalia","Annelida","Polychaeta","Phyllodocida",NA,NA,"Read, G.; Fauchald, K. (Ed.) (2025). World Polychaeta Database. Phyllodocida. Accessed through: World Register of Marine Species at: https://www.marinespecies.org/aphia.php?p=taxdetails&id=892 on 2025-04-30","urn:lsid:marinespecies.org:taxname:892",1,0,0,0,0,"like","2014-02-18T00:49:53.643Z"
"85",1410,"https://www.marinespecies.org/aphia.php?p=taxdetails&id=1410","Foraminifera","d'Orbigny, 1826","accepted",NA,30,"Phylum",1410,"Foraminifera","d'Orbigny, 1826",582420,"Chromista","Foraminifera",NA,NA,NA,NA,"WoRMS (2025). Foraminifera. Accessed at: https://www.marinespecies.org/aphia.php?p=taxdetails&id=1410 on 2025-04-30","urn:lsid:marinespecies.org:taxname:1410",1,1,1,1,0,"like","2020-05-06T14:04:43.367Z"
"86",131747,"https://www.marinespecies.org/aphia.php?p=taxdetails&id=131747","Spongelia","Nardo, 1847","unaccepted","junior synonym",180,"Genus",131745,"Dysidea","Johnston, 1842",131624,"Animalia","Porifera","Demospongiae","Dictyoceratida","Dysideidae","Spongelia","de Voogd, N.J.; Alvarez, B.; Boury-Esnault, N.; Cárdenas, P.; Díaz, M.-C.; Dohrmann, M.; Downey, R.; Goodwin, C.; Hajdu, E.; Hooper, J.N.A.; Kelly, M.; Klautau, M.; Lim, S.C.; Manconi, R.; Morrow, C.; Pinheiro, U.; Pisera, A.B.; Ríos, P.; Rützler, K.; Schönberg, C.; Turner, T.; Vacelet, J.; van Soest, R.W.M.; Xavier, J. (2025). World Porifera Database. Spongelia Nardo, 1847. Accessed through: World Register of Marine Species at: https://www.marinespecies.org/aphia.php?p=taxdetails&id=131747 on 2025-04-30","urn:lsid:marinespecies.org:taxname:131747",1,0,0,0,0,"like","2018-11-14T08:20:10.157Z"
"87",1839,"https://www.marinespecies.org/aphia.php?p=taxdetails&id=1839","Ascidiacea","Blainville, 1824","accepted",NA,60,"Class",1839,"Ascidiacea","Blainville, 1824",146420,"Animalia","Chordata","Ascidiacea",NA,NA,NA,"Shenkar, N.; Gittenberger, A.; Lambert, G.; Rius, M.; Moreira da Rocha, R.; Swalla, B.J.; Turon, X. (2025). Ascidiacea World Database. Ascidiacea. Accessed through: World Register of Marine Species at: https://www.marinespecies.org/aphia.php?p=taxdetails&id=1839 on 2025-04-30","urn:lsid:marinespecies.org:taxname:1839",1,NA,1,0,NA,"like","2015-12-14T10:51:48.090Z"
"88",177604,"https://www.marinespecies.org/aphia.php?p=taxdetails&id=177604","Trichodesmium","Ehrenberg ex Gomont, 1892","accepted",NA,180,"Genus",177604,"Trichodesmium","Ehrenberg ex Gomont, 1892",836366,"Bacteria","Cyanobacteria","Cyanophyceae","Oscillatoriales","Microcoleaceae","Trichodesmium","Guiry, M.D. & Guiry, G.M. (2025). AlgaeBase. World-wide electronic publication, National University of Ireland, Galway (taxonomic information republished from AlgaeBase with permission of M.D. Guiry). Trichodesmium Ehrenberg ex Gomont, 1892. Accessed through: World Register of Marine Species at: https://www.marinespecies.org/aphia.php?p=taxdetails&id=177604 on 2025-04-30","urn:lsid:marinespecies.org:taxname:177604",1,1,1,1,NA,"like","2023-05-16T05:24:07.837Z"
"89",149176,"https://www.marinespecies.org/aphia.php?p=taxdetails&id=149176","Striatella","C.A. Agardh, 1832","accepted",NA,180,"Genus",149176,"Striatella","C.A. Agardh, 1832",149175,"Chromista","Heterokontophyta","Bacillariophyceae","Striatellales","Striatellaceae","Striatella","Kociolek, J.P.; Blanco, S.; Coste, M.; Ector, L.; Liu, Y.; Karthick, B.; Kulikovskiy, M.; Lundholm, N.; Ludwig, T.; Potapova, M.; Rimet, F.; Sabbe, K.; Sala, S.; Sar, E.; Taylor, J.; Van de Vijver, B.; Wetzel, C.E.; Williams, D.M.; Witkowski, A.; Witkowski, J. (2025). DiatomBase. Striatella C.A. Agardh, 1832. Accessed through: World Register of Marine Species at: https://www.marinespecies.org/aphia.php?p=taxdetails&id=149176 on 2025-04-30","urn:lsid:marinespecies.org:taxname:149176",1,NA,NA,0,0,"like","2017-02-23T10:36:53.780Z"
"90",144129,"https://www.marinespecies.org/aphia.php?p=taxdetails&id=144129","Fucus","Linnaeus, 1753","accepted",NA,180,"Genus",144129,"Fucus","Linnaeus, 1753",143723,"Chromista","Ochrophyta","Phaeophyceae","Fucales","Fucaceae","Fucus","Guiry, M.D. & Guiry, G.M. (2025). AlgaeBase. World-wide electronic publication, National University of Ireland, Galway (taxonomic information republished from AlgaeBase with permission of M.D. Guiry). Fucus Linnaeus, 1753. Accessed through: World Register of Marine Species at: https://www.marinespecies.org/aphia.php?p=taxdetails&id=144129 on 2025-04-30","urn:lsid:marinespecies.org:taxname:144129",1,1,NA,NA,NA,"like","2004-12-21T15:54:05Z"
"91",152195,"https://www.marinespecies.org/aphia.php?p=taxdetails&id=152195","Hydroida","Johnston, 1937","unaccepted","synonym",100,"Order",19494,"Hydroidolina","Collins, 2000",1337,"Animalia","Cnidaria","Hydrozoa","Hydroida",NA,NA,"Schuchert, P.; Choong, H.; Galea, H.; Hoeksema, B.; Lindsay, D.; Mańko, M.; Pica, D. (2025). World Hydrozoa Database. Hydroida. Accessed through: World Register of Marine Species at: https://www.marinespecies.org/aphia.php?p=taxdetails&id=152195 on 2025-04-30","urn:lsid:marinespecies.org:taxname:152195",1,1,1,0,0,"like","2024-07-31T11:40:28.830Z"
"92",1606,"https://www.marinespecies.org/aphia.php?p=taxdetails&id=1606","Campanulariidae","Johnston, 1836","accepted",NA,140,"Family",1606,"Campanulariidae","Johnston, 1836",13552,"Animalia","Cnidaria","Hydrozoa","Leptothecata","Campanulariidae",NA,"Schuchert, P.; Choong, H.; Galea, H.; Hoeksema, B.; Lindsay, D.; Mańko, M.; Pica, D. (2025). World Hydrozoa Database. Campanulariidae Johnston, 1836. Accessed through: World Register of Marine Species at: https://www.marinespecies.org/aphia.php?p=taxdetails&id=1606 on 2025-04-30","urn:lsid:marinespecies.org:taxname:1606",1,NA,0,0,NA,"like","2016-05-12T07:46:50.400Z"
"93",110762,"https://www.marinespecies.org/aphia.php?p=taxdetails&id=110762","Membraniporidae","Busk, 1852","accepted",NA,140,"Family",110762,"Membraniporidae","Busk, 1852",153579,"Animalia","Bryozoa","Gymnolaemata","Cheilostomatida","Membraniporidae",NA,"Bock, P. (2025). World List of Bryozoa. Membraniporidae Busk, 1852. Accessed through: World Register of Marine Species at: https://www.marinespecies.org/aphia.php?p=taxdetails&id=110762 on 2025-04-30","urn:lsid:marinespecies.org:taxname:110762",1,NA,NA,NA,NA,"like","2006-03-09T07:38:53.220Z"
"94",145724,"https://www.marinespecies.org/aphia.php?p=taxdetails&id=145724","Laminaria digitata","(Hudson) J.V.Lamouroux, 1813","accepted",NA,220,"Species",145724,"Laminaria digitata","(Hudson) J.V.Lamouroux, 1813",144199,"Chromista","Ochrophyta","Phaeophyceae","Laminariales","Laminariaceae","Laminaria","Guiry, M.D. & Guiry, G.M. (2025). AlgaeBase. World-wide electronic publication, National University of Ireland, Galway (taxonomic information republished from AlgaeBase with permission of M.D. Guiry). Laminaria digitata (Hudson) J.V.Lamouroux, 1813. Accessed through: World Register of Marine Species at: https://www.marinespecies.org/aphia.php?p=taxdetails&id=145724 on 2025-04-30","urn:lsid:marinespecies.org:taxname:145724",1,NA,NA,NA,NA,"like","2015-06-26T12:00:51.270Z"
"95",143999,"https://www.marinespecies.org/aphia.php?p=taxdetails&id=143999","Codium","Stackhouse, 1797","accepted",NA,180,"Genus",143999,"Codium","Stackhouse, 1797",143689,"Plantae","Chlorophyta","Ulvophyceae","Bryopsidales","Codiaceae","Codium","Guiry, M.D. & Guiry, G.M. (2025). AlgaeBase. World-wide electronic publication, National University of Ireland, Galway (taxonomic information republished from AlgaeBase with permission of M.D. Guiry). Codium Stackhouse, 1797. Accessed through: World Register of Marine Species at: https://www.marinespecies.org/aphia.php?p=taxdetails&id=143999 on 2025-04-30","urn:lsid:marinespecies.org:taxname:143999",1,NA,NA,NA,NA,"like","2012-07-04T13:40:04.623Z"
"96",1351024,"https://www.marinespecies.org/aphia.php?p=taxdetails&id=1351024","Xaenia","Duchassaing & Michelotti, 1860","unaccepted","variant spelling",180,"Genus",204396,"Xenia","Lamarck, 1816",125271,"Animalia","Cnidaria","Octocorallia","Malacalcyonacea","Xeniidae","Xaenia","McFadden, C.S.; Cordeiro, R.; Samimi-Namin, K.; Williams, G.; van Ofwegen, L. (2025). World List of Octocorallia. Xaenia Duchassaing & Michelotti, 1860. Accessed through: World Register of Marine Species at: https://www.marinespecies.org/aphia.php?p=taxdetails&id=1351024 on 2025-04-30","urn:lsid:marinespecies.org:taxname:1351024",1,NA,0,0,NA,"like","2019-06-16T21:56:22.447Z"
